ADM3_Name,ACS_Code,Displacement Ratio,Outside CS,Inside CS,Overall IDPs,Population
Zoukak el-Blatt,10410,0.48245449427659975,96921,5142,5142,10658
Saïda Ville,61115,2.212448187380749,32584,1043,33627,15199
Barja,23251,1.0733324721181587,23394,1532,24926,23223
El Jiyeh,23267,1.9950716845878136,16945,867,17812,8928
Bchamoune,24243,1.2582134746404239,16250,371,16621,13210
"Chouberkié ""Ammik""",52181,0.0,0,0,0,0
Ghazyat,61311,0.8206912028725314,14056,572,14628,17824
Haret Saïda,61159,1.0419100665670424,13256,2083,15339,14722
Sour (Tyr),62111,0.25846130683529056,13200,3967,17167,66420
Aley,24311,0.4239782192979613,12464,617,13081,30853
Sarafend,61449,0.5540805725499249,9600,0,9600,17326
Tal Abbas El-gharbié,35211,0.01335240820219361,72,40,112,8388
El-Kamatiyeh,24315,1.7840612168719672,9041,518,9559,5358
Sebline,23243,1.3184502716749351,8503,2659,11162,8466
El-Wardaniyeh,23331,2.3435304781327897,8530,1812,10342,4413
Maad,26293,0.0,0,0,0,592
Chehime,23211,0.32615484446607457,7177,865,8042,24657
Obeidate,26256,0.06389452332657201,63,0,63,986
Joun,23336,1.8441720860430215,6963,410,7373,3998
Kousba,32137,0.018374338212394894,118,0,118,6422
Jadra,23271,1.2270429654591406,5826,0,5826,4748
Baouarta,24235,3.514314928425358,3372,65,3437,978
Jarjoura,37375,0.0,0,0,0,69
Ghosta,25319,0.05109264389042782,39,127,166,3249
Debbiyeh,23259,2.6786114221724526,4724,60,4784,1786
Aïn Sofar,24427,0.2837209302325581,660,133,793,2795
Damour,23111,0.8645585816121367,4390,340,4730,5471
Djounié Sarba,25111,0.17565704257719467,4204,0,4204,23933
Aramoun,24211,0.20106864349667855,3921,256,4177,20774
Baassir,23255,0.8211382113821138,3839,201,4040,4920
El-Moghaïriyeh,23341,0.7308282208588958,2620,239,2859,3912
Bekaatet Kénaan,25443,0.0,0,0,0,567
El-Mouaïsra,25357,7.827586206896552,3389,1151,4540,580
Abra,61244,0.3632988078952511,3320,398,3718,10234
Borge El-Chémali,62128,0.0986734405870731,3388,108,3496,35430
Lassa,26331,10.053892215568862,3200,158,3358,334
Bqosta,61266,2.14190093708166,3200,0,3200,1494
Bissariat,61453,0.28918062471706657,3008,186,3194,11045
Miemié,61183,0.10674742738048718,3000,278,3278,30708
Ankoune,61489,0.5766135395297459,3000,654,3654,6337
Mazboud,23215,0.6389776357827476,2883,317,3200,5008
Bhamdoun (Gare),24411,2.173089071383449,2927,513,3440,1583
El-Berjaine,23247,0.7992859976199921,1917,98,2015,2521
Katermaya,23231,0.4257314853702926,2363,678,3041,7143
Charoun,24444,0.7960954446854663,2749,187,2936,3688
Helaliat,61147,0.20160975228569195,2580,0,2580,12797
Baalchemay,21311,1.044529262086514,2438,25,2463,2358
Djezzine,63111,0.4792681321574306,2368,1273,3641,7597
Abbassyat,62276,0.16634491634491635,2208,377,2585,15540
Kfar Zeina,33145,0.09837467921300257,88,27,115,1169
Kab Elias,51234,0.10450703157575528,2268,489,2757,26381
El-Merwaniyé,61463,0.726729291204099,1880,673,2553,3513
Beit-El-Faks,37329,0.06278229448961156,139,0,139,2214
Zaboud,53237,0.1007905138339921,102,0,102,1012
El-Ram,53281,1.25,580,0,580,464
Chartoun,24353,3.0422535211267605,216,0,216,71
Hadace,21219,0.09841050449205252,2017,119,2136,21705
Bebnine,35275,0.08762777282945243,2009,57,2066,23577
Naamat,23141,0.14116612950483445,1840,569,2409,17065
Majdel Baana,24424,0.5665697674418605,1897,52,1949,3440
Borge Hammoud,22111,0.0254512760218549,1603,973,2576,101213
Rmeileh,23321,0.38676470588235295,1841,263,2104,5440
Al-Minieh,37271,0.056508894336539064,1798,0,1798,31818
Deir El-Kamar,23413,0.36365179025963007,1784,359,2143,5893
Dekouanet,22262,0.13816945098478903,1497,2200,3697,26757
Krayé,61255,0.5067735692562897,1720,113,1833,3617
El-Samkanieh,23417,0.35005096839959227,1717,0,1717,4905
Darbessim,61335,0.17081009547216183,1692,115,1807,10579
Bhamdoun (Village),24414,1.0786516853932584,1624,104,1728,1602
Hizzerta,51157,0.8613509395632301,1560,136,1696,1969
Zghorta,33111,0.08264255212258227,1518,127,1645,19905
El-Freidice,23467,2.346041055718475,1600,0,1600,682
Blat,26129,0.11338479464025633,1557,0,1557,13732
Btater,24447,0.6470817120622568,1528,135,1663,2570
Kfar Hatta,61493,0.4538291837377876,1440,0,1440,3173
Ham,53463,0.446064139941691,153,0,153,343
Koussaya,51353,0.10790273556231003,71,0,71,658
Anoute,23239,0.2703188879803761,1381,272,1653,6115
Almate El-Chemaliat,26212,1.8726042841037205,1400,261,1661,887
Louaizé,21243,0.6970602889885401,1399,0,1399,2007
El-Abadiyeh,21341,0.3684210526315789,1323,0,1323,3591
Mejdel-Anjar,51284,0.08567595940744197,1379,90,1469,17146
Kernayel,21456,0.5001718803712616,1375,80,1455,2909
El-Jahliyeh,23577,0.40199888950583007,1363,85,1448,3602
Zouk Bhanine,37291,0.1260410882842865,1362,0,1362,10806
Ablah,51163,0.22486626083748387,1219,0,1219,5421
Khreibé,53455,0.7231404958677686,1050,0,1050,1452
Al-Aïne,53217,0.16234484453729875,1321,0,1321,8137
Hourtala,53451,0.3741438356164384,1311,0,1311,3504
Al-Sfiré,37337,0.47534246575342465,1041,0,1041,2190
Aïnab,24351,0.8793893129770992,1126,26,1152,1310
Ras-Osta,26241,1.7482614742698193,1237,20,1257,719
Brital,53453,0.07512922226229114,1250,0,1250,16638
Jbail,26111,0.07230583716671878,1176,443,1619,22391
Haouche Al-Sonaid,53433,1.3344086021505377,1241,0,1241,930
Maghdouché,61323,0.32011393514461,1124,337,1461,4564
Roum,63277,0.7759721416134648,1040,297,1337,1723
Hermel,54111,0.023228639925861758,1153,0,1153,49637
El-Barouk,23679,0.3039345128069712,1151,0,1151,3787
Talabaya,51221,0.06423166638220401,1129,0,1129,17577
Baakline,23511,0.12018981880931838,1128,265,1393,11590
El-Fsaïkine,24365,0.6986379114642451,1126,105,1231,1762
Afka,26364,14.235294117647058,600,126,726,51
Mériata,33271,0.1959497468591787,868,177,1045,5333
Tabarja,25151,0.789051094890511,1081,0,1081,1370
Al-Ali-Nahri,51323,0.12418755803156917,1070,0,1070,8616
Al-Mehamra,35277,0.016541309629457206,959,178,1137,68737
Majdalioun,61233,0.27232142857142855,732,0,732,2688
El-Mansouriyeh,22411,0.082213191622382,1003,49,1052,12796
Karem-Asfour-El-Nahrieh,35133,0.0,0,0,0,753
Bachoura,10350,0.31995313848809964,0,5189,5189,16218
El-Jdeidé,23623,0.14369933677229182,1042,128,1170,8142
Faraya,25475,0.22481975092855583,1029,0,1029,4577
Bnehrane,32141,0.6891891891891891,160,44,204,296
Bedghane,24434,0.9241499564080209,1019,41,1060,1147
Kanarite,61347,0.2560483870967742,1016,0,1016,3968
Chiah,21111,0.030764664322771872,1014,6345,7359,239203
Aïn-El-Ghouaibé,26317,21.73913043478261,1000,0,1000,46
Anane,63274,0.5026455026455027,380,0,380,756
Baalbek,53111,0.014857073126086823,974,0,974,65558
Kfarhime,23439,0.28286622363478764,979,0,979,3461
Kfarnice,23455,0.0036496350364963502,4,0,4,1096
Hasbaya,74111,0.1372661048421654,584,377,961,7001
Kfar Mechké,55154,0.7204545454545455,446,188,634,880
Hejoula,26226,3.296774193548387,928,94,1022,310
Kherbet Rouha,55151,0.3840155945419103,640,148,788,2052
Enfeh,32181,0.10574818569289253,918,0,918,8681
Berkayel,35314,0.07275776695152145,911,0,911,12521
Kfar Nabrakh,23655,0.18991348385735388,900,0,900,4739
Zaarouriyeh,23381,0.46111111111111114,520,144,664,1440
Kfar Melki,61496,0.11549566891241578,240,0,240,2078
Mechane,26231,1.0255362614913177,700,304,1004,979
Yarine,62308,0.0,0,0,0,1330
Senn el Fil,22155,0.03312720848056537,743,532,1275,38488
Mejdlaya,24349,0.4158415841584158,861,105,966,2323
Alma,33133,0.46538912788423936,850,340,1190,2557
El-Moukhtara,23611,0.3138815207780725,172,183,355,1131
Saksakiat,61461,0.15137862677959993,840,0,840,5549
Kfar Fakoud,23433,0.3138429024304332,826,65,891,2839
Nadjariat,61464,0.4126984126984127,640,166,806,1953
Kelhate,32171,0.3138586956521739,462,0,462,1472
Kafr-Jarra,63267,1.7807606263982103,796,0,796,447
Chanay,24417,0.429421308815576,794,0,794,1849
Amchite,26141,0.034840142506824594,700,53,753,21613
Knaissat,53322,0.7251624883936861,781,0,781,1077
Al-Mina No1,31171,0.09120788824979457,777,0,777,8519
Kfar Matta,24377,0.1512788521522146,405,80,485,3206
Halba,35111,0.060140915953699046,762,194,956,15896
Yât,53123,0.11967577876668786,753,0,753,6292
Mazraet Deir Aoukar,22391,0.7110266159695817,748,0,748,1052
Batloune,23663,0.2501699524133243,736,0,736,2942
El-Khalouat,21421,1.7676767676767677,700,0,700,396
Maqné,53155,0.30664395229982966,720,0,720,2348
Al-Fakiat,53214,0.08079216833577135,718,0,718,8887
Bakhoune,37391,0.0929144385026738,687,286,973,10472
Bhabbouche,32133,0.7918088737201365,367,97,464,586
Aïtate,24329,0.49436936936936937,677,201,878,1776
Tripoli Zeitoun,31111,0.056356815339724885,676,0,676,11995
Saïda Dekerman,61119,0.08081031715282005,0,7300,7300,90335
Bednayel,53411,0.08434640932447675,673,0,673,7979
Choueir,22754,0.26883000893122955,670,233,903,3359
Dalhoune,23219,0.2747050147492625,666,79,745,2712
Mejdlaya,33129,0.055061132828744905,662,0,662,12023
Bachtlida,26243,1.3774954627949183,659,100,759,551
Gharifé,23566,0.2077569839978302,651,115,766,3687
Aïn Ksour,24371,0.5522827687776142,375,0,375,679
Rahbé,35357,0.08905109489051095,648,84,732,8220
Kefraya,61222,0.23974763406940064,380,0,380,1585
Hasroute,23588,0.5558292282430214,644,33,677,1218
Hammana,21411,0.08072625698324022,209,80,289,3580
Dardourite,23522,0.2653061224489796,26,0,26,98
Kfardan,53179,0.40420114576702737,635,0,635,1571
Harare,35328,0.12080536912751678,504,0,504,4172
Bchatfine,23423,0.2909685328974254,624,88,712,2447
Bater,23675,0.30397633913900757,601,324,925,3043
EL-Azouniyeh,24454,0.4121951219512195,500,7,507,1230
Janné,26327,7.096774193548387,250,410,660,93
Mahaïlib,62245,0.16652470187393525,620,162,782,4696
Dahr El-Ahmar,55124,0.3865414710485133,616,125,741,1917
Beit Mery,22667,0.06093839404920847,614,25,639,10486
Kherbet Kanafar,52151,0.0033285782215882074,0,14,14,4206
Aïn-Rommané,24317,0.9726688102893891,605,0,605,622
Houmine El-Tahta,71266,0.29094827586206895,600,75,675,2320
Aktanite,61477,0.5923000987166831,600,0,600,1013
Mehrine,26283,0.0,0,0,0,54
Habchite,35326,0.4183050847457627,595,22,617,1475
Assoun,37313,0.24126592683929304,587,0,587,2433
Hrajel,25471,0.11258522203795836,581,30,611,5427
Ras Maska,32185,0.0732484076433121,575,0,575,7850
Kamed-el-Lauze,52217,0.04461313090957518,0,335,335,7509
El-Méaisseri,54167,0.0,0,0,0,102
Souk-El-Gharb,24331,0.913953488372093,569,610,1179,1290
Aïn Ouzaï,23627,0.30108108108108106,489,68,557,1850
Aïn Tanta,35435,0.04591836734693878,27,0,27,588
Akabé,55114,0.281148429035753,450,69,519,1846
Qabbait,35325,0.12133891213389121,406,0,406,3346
El-Khreibé,21431,0.8012924071082391,496,0,496,619
Bhouara,24327,6.833333333333333,123,0,123,18
Al-Saïdat,53167,0.18572443181818182,523,0,523,2816
Aïn-el-Dib,61277,0.19779383796120198,520,0,520,2629
Ghazir,25311,0.051924798567591766,429,151,580,11170
Niha,23625,0.10605314960629922,356,75,431,4064
El-Hsoune,26229,0.5898989898989899,512,72,584,990
Aïn-El-Jdeidé,24325,0.8996212121212122,475,0,475,528
El-Harf,63171,0.061855670103092786,12,0,12,194
Miziara,33251,0.099671669793621,425,0,425,4264
Chouit,21354,0.6075949367088608,498,30,528,869
Almane,23311,0.3916139240506329,495,0,495,1264
Aïtanit,52121,0.42219215155615697,217,95,312,739
Al-Beddaoui,37231,0.0076684200519678055,484,0,484,63116
Hebouss,22583,0.7637362637362637,278,0,278,364
En-Nakhlé,32191,0.14806594800253647,467,0,467,3154
Haouche el-Rafika,53419,0.0672813715602939,467,0,467,6941
Jedeidet-El-Kayteh,35344,0.08298256163559832,276,0,276,3326
Azour,63184,0.8391608391608392,360,0,360,429
El-Kalaa,21416,0.4820295983086681,456,0,456,946
Bouerije,51244,0.3995308835027365,450,61,511,1279
Korkraya,26351,0.2360248447204969,38,0,38,161
Broummana,22611,0.051129879023054096,448,0,448,8762
Aïn El-Jaouzé,53473,0.0,0,0,0,37
El-Mechrefeh,24457,0.329155672823219,439,60,499,1516
Hizzine,53441,0.2872131147540984,438,0,438,1525
Bait Chama,53417,0.16559546313799622,438,0,438,2645
Al-Moukaiteh,35261,0.024684379121914454,131,0,131,5307
Ras el Meten,21351,0.1167969675432362,428,65,493,4221
Wakf al-Nabi Chite,53431,0.24197337509788566,309,0,309,1277
Bkessine,63124,0.3318345323741007,292,77,369,1112
Lebaa,63227,0.5916760404949382,252,274,526,889
Kfar Chlane,37363,0.17470191809227578,337,0,337,1929
Chemistar,53429,0.03765650387078276,394,0,394,10463
Fneidek,35353,0.020046007229707525,222,22,244,12172
EL-Safra,25161,0.08244734202607823,411,0,411,4985
litige,53002,0.0,0,0,0,0
Fanar,22419,0.05606818892711917,407,310,717,12788
Bramiat,61123,0.28591851322373124,400,0,400,1399
Zefta,71281,0.09066183136899365,400,0,400,4412
Rachaya El-Wadi,55111,0.10022348289496304,399,184,583,5817
Salhiat,61211,0.36363636363636365,396,0,396,1089
Farhat,26217,0.6798336798336798,263,64,327,481
Haddet,53183,0.12156741746374576,394,0,394,3241
Akkar El-Atika,35191,0.04464373706514241,391,62,453,10147
Deir El-Harf,21367,0.355,142,0,142,400
Mazraet El-Chouf,23651,0.1611978337050016,386,120,506,3139
Deir Omar,37241,0.0675957071920551,245,177,422,6243
Zouk Mousbeh,25126,0.01370752470961691,380,0,380,27722
Kroum Arabe,35119,0.3528773072747014,325,0,325,921
El-Krayé,21344,0.975254730713246,373,297,670,687
Sarba,71236,0.25396825396825395,320,0,320,1260
Chemaarine,23275,0.0,0,0,0,0
Aïn-Saâdé,22423,0.08825121819166215,367,122,489,5541
Tikrite,35171,0.07789032483409011,367,79,446,5726
Salima,21394,0.2545454545454545,364,0,364,1430
El-Kharayeb,61419,0.04191379992091736,212,0,212,5058
Kaoukaba,55144,0.4785714285714286,362,40,402,840
El-RafidE,55157,0.16744520301832555,359,107,466,2783
Massa,51371,0.3181818181818182,357,0,357,1122
El-Bennayé,24369,0.2374059061957151,356,54,410,1727
Anjar,51281,0.04174120453190221,262,88,350,8385
Ghassaniyé,61447,0.022391857506361322,44,0,44,1965
Faïtroun,25427,0.1631336405529954,354,0,354,2170
Dahr El-Mghara,23279,0.9566395663956639,353,0,353,369
Aïntourine,33219,0.18823529411764706,16,0,16,85
Bmakkine,24319,0.5784982935153583,301,38,339,586
Al-Nabi Osman,53224,0.11602209944751381,315,0,315,2715
Sfeinite El-Dreibe,35447,0.019569471624266144,10,0,10,511
Tamnine El-Tahta,53425,0.03504316912138141,345,0,345,9845
Aïn-Dara,24477,0.1715450166728418,343,120,463,2699
Mazraa,10310,0.08610001687573832,0,7653,7653,88885
El-Mhammariyé,61476,0.5277777777777778,340,78,418,792
Harbta,53264,0.22119205298013245,334,0,334,1510
Brih et Mteilé,23459,0.12076749435665914,214,0,214,1772
Al-Khraibé,35216,0.049611476389719064,332,0,332,6692
 ,24373,0.0,0,0,0,40
Kfarchima,21251,0.05291853752405388,330,0,330,6236
Aïn Zhalta,23469,0.1280558789289872,330,0,330,2577
Bziza,32121,0.20158827122785583,330,0,330,1637
Rimate,63264,1.5058823529411764,128,0,128,85
Jebah,23671,0.2615262321144674,329,0,329,1258
Terbol,51365,0.025786487880350695,150,0,150,5817
Halate,26147,0.03569224439415758,325,22,347,9722
Mrah-el-Hbasse,63217,0.14457831325301204,36,0,36,249
Markabta,37381,0.17324388318863457,318,121,439,2534
Ras Baalbek El-Sahl,53211,0.0673036093418259,317,0,317,4710
Afsdik,32127,0.060781476121562955,84,0,84,1382
El-Souané,26220,5.924242424242424,219,172,391,66
Deir Couché,23429,0.2440711462450593,247,0,247,1012
Al-Labouat,53234,0.030805687203791468,312,0,312,10128
Karseita,37339,0.061912894961571305,145,0,145,2342
El-Ghaboun,24323,0.23082386363636365,240,85,325,1408
Zeita,61359,0.6355140186915887,308,100,408,642
Kfar Selouane,21476,0.2556237218813906,307,68,375,1467
Eddé,26135,0.1275626423690205,184,40,224,1756
Achkoute,25423,0.06388682055100521,303,126,429,6715
Zghorta el-Métaoulé,32195,5.694444444444445,205,0,205,36
Adloun,61434,0.041128084606345476,280,0,280,6808
Benwati,63144,0.4260752688172043,300,17,317,744
Nahlé,53143,0.10166045408336158,300,0,300,2951
Haouche El-Tal Safyat,53135,0.23603461841070023,300,0,300,1271
Btermaz,37343,0.09067622950819672,177,0,177,1952
El-Mansouriyeh et Aïn-El-Marge,24441,0.5375722543352601,186,0,186,346
Mristé,23659,0.1973954763536669,288,0,288,1459
El-Kahlouniyeh,23643,0.16360505166475317,285,0,285,1742
Majdel Tarchiche,22774,0.9449275362318841,283,43,326,345
Al-Kalmoune,31221,0.0625207848353841,283,93,376,6014
Zouk-El-Hosmieh et Dahr Ayasse,35151,0.14302325581395348,246,0,246,1720
Bordje Rahhal,62283,0.06012454369765944,280,0,280,4657
Bnaafoul,61481,0.14477766287487073,280,0,280,1934
Rait,51359,0.0,0,0,0,3897
El-Kleia,73151,0.11573604060913706,228,0,228,1970
El-Biré,35416,0.041588408907968874,277,33,310,7454
Koubba,34155,0.14300572022880914,275,0,275,1923
Deir-Daloum,35149,0.03423626787057938,238,35,273,7974
Mar Chaya et Mzakki,22651,0.05931122448979592,93,0,93,1568
Al-Nabi Chite,53445,0.024467603081105575,270,0,270,11035
Ansar,71361,0.0016210082671421625,20,0,20,12338
Baissour,63221,0.7362637362637363,268,0,268,364
El-Bouar,25166,0.0594413407821229,266,0,266,4475
Zandouka,21374,1.305084745762712,77,0,77,59
Sfarai,63237,0.4888888888888889,264,0,264,540
Mrah-el-Sreige,37351,0.12977649603460706,180,0,180,1387
Kfar Dalakoss,33115,0.06464250734573947,264,0,264,4084
Aïn el-Mir,63214,0.42038216560509556,264,0,264,628
Koueikhat,35215,0.07909319899244333,157,0,157,1985
Bfarwé,71276,0.10277492291880781,200,0,200,1946
Mazraat el Teffah,33235,0.0,0,0,0,215
Chamlane,24339,0.5542635658914729,256,30,286,516
Bkhichtay,24321,0.3062200956937799,256,0,256,836
El-Mouchref,23171,0.1427038626609442,133,0,133,932
Maaraboun,53461,0.17481203007518797,186,0,186,1064
Akroum,35516,0.019927536231884056,253,0,253,12696
Mtoullé Bzina,23365,6.446428571428571,253,108,361,56
Mazmoura,23361,0.05815831987075929,36,0,36,619
Zaraoune,22741,0.28078817733990147,171,0,171,609
Al-Khodré,53443,0.059588555213998584,252,0,252,4229
Mar Touma,35167,0.10085632730732635,106,0,106,1051
Ouadi El-Jamous,35364,0.03370484758963341,251,0,251,7447
El Mtein,22711,0.18392204628501826,250,52,302,1642
El-Mouncef,26177,0.11900191938579655,248,0,248,2084
Dahr El Souwan,22675,0.10020283975659229,247,0,247,2465
Mazraet El-Krême,37389,0.0,0,0,0,0
Mazraet Beit Mcheik,53457,22.272727272727273,245,0,245,11
Déddé,32179,0.037154989384288746,245,0,245,6594
Al-Kharayeb,54175,0.0,0,0,0,172
Mlikh,63315,16.0,176,0,176,11
Addoussiat,61466,0.16205266711681296,240,0,240,1481
Babliyé,61444,0.049494741183749226,240,0,240,4849
Tripoli Jardins,31166,0.4358974358974359,0,2074,2074,4758
Haret -el-Sit,21275,0.23091787439613526,239,0,239,1035
Beino,35175,0.10765765765765765,239,0,239,2220
Lala,52214,0.10745891276864729,238,102,340,3164
Remhala,24367,0.09356494275562574,237,0,237,2533
Bazyoune,26299,1.4743589743589745,200,145,345,234
Wadi Chahrour el Soufla,21259,0.1043360433604336,231,0,231,2214
Jaboulé et Al-Bijage,53221,0.46938775510204084,230,0,230,490
Nemrine et Bakoura,37325,0.07133995037220843,230,0,230,3224
Tannourine Foka,34386,0.0,0,0,0,2529
Daoura,35126,0.06257378984651712,159,0,159,2541
Fatka,25313,0.07742914979757085,153,0,153,1976
Ajeltoun,25211,0.05749636098981077,220,175,395,6870
Bmariam,21436,0.5407407407407407,219,0,219,405
Izal,37341,0.0645446507515473,219,0,219,3393
Btekhnay,21441,0.33951497860199714,170,68,238,701
Naccache,22335,0.019457385585091806,213,0,213,10947
Barka,53344,0.0,0,0,0,898
Azka,37361,0.17314189189189189,205,0,205,1184
El Freiké,22571,0.013850415512465374,10,0,10,722
El-Kleiyate,25415,0.04226282192383887,192,0,192,4543
El-Abri et Chouan,25479,0.1322314049586777,32,0,32,242
Bkaa Safrine,37317,0.07565543071161049,202,0,202,2670
Loubié,61439,0.1529051987767584,200,0,200,1308
Araya,21371,0.08822232024702249,200,0,200,2267
Berti,61488,0.38095238095238093,200,0,200,525
Taraya,53435,0.041736227045075125,200,0,200,4792
Bzebdine,21466,0.20429009193054137,200,0,200,979
Ardé,33123,0.0326687887418328,195,0,195,5969
Dar Bella,34374,0.1316818774445893,46,55,101,767
Jal-el-Dib,22327,0.01846388122204245,194,0,194,10507
Jabba,53171,0.7055214723926381,115,0,115,163
El-Khreibé,23635,0.10020768431983386,193,0,193,1926
Arab Tabbaya,61483,0.3301104972375691,192,47,239,724
Maasser el-Chouf,23667,0.07169529499626587,192,0,192,2678
El-Kfour,25329,0.09504685408299866,165,48,213,2241
El-Kfeir,74175,0.17986164488854728,188,46,234,1301
Zeitoune,25375,0.49544626593806923,187,85,272,549
Mar Mousa-El-Douar,22784,0.0,0,0,0,532
Minyara,35129,0.03345174659561871,184,42,226,6756
Chaat,53274,0.02908171329223961,184,0,184,6327
Antélias,22311,0.01459065117535801,0,216,216,14804
Kfar Saroun,32115,0.12746478873239436,181,0,181,1420
Boutchay,21227,0.09002647837599294,102,0,102,1133
Wata Amaret Chalhoub,22343,0.04921152800435019,181,0,181,3678
Arzey,61417,0.07715387912558937,180,0,180,2333
Sirjbal,23437,0.14793388429752066,179,0,179,1210
Kfar Dabache,53427,0.0,0,0,0,601
Baabdat et Sfaïlé,22659,0.04434519062051364,178,100,278,6269
Al-Zoureiribe,35127,0.08294283036551078,177,0,177,2134
Medawar,10610,0.21681522524692845,0,900,900,4151
Toula,33231,0.5245901639344263,32,0,32,61
El-Hossein,25345,0.5517241379310345,176,0,176,319
El-Mharbiyé,63231,1.4915254237288136,176,0,176,118
Teffehta,61459,0.0,0,0,0,2896
Mazraet-el-Siyad,26321,0.09284951974386339,174,0,174,1874
Aïn El-Zeit,35427,0.02535059331175836,47,0,47,1854
Bazbina,35189,0.07455540355677155,172,46,218,2924
Wata-El-Jaouz,25455,0.022508038585209004,21,0,21,933
Edbel,35117,0.09723007348784624,172,0,172,1769
Karha,53277,0.3644251626898048,168,0,168,461
Khirbet Er Remmane,35410,0.0,0,0,0,0
Bsaba,23386,0.1276013143483023,100,133,233,1826
Mdoukha,55181,0.17288135593220338,163,41,204,1180
Majdel Balhice,55174,0.19249201277955272,160,81,241,1252
Roueissat-el-Ballout,21317,0.28102189781021897,160,71,231,822
Hermel Charbine,54127,0.07793472966390648,160,0,160,2053
El Hartiyé,61423,0.0,0,0,0,16
Cheikh Mohamed,35113,0.0607893061744112,159,32,191,3142
Tal-el-Akhdar,51277,0.0,0,0,0,53
Bterram,32119,0.03268109908409659,157,0,157,4804
Deir Baba,23435,0.1598360655737705,156,0,156,976
Rechmaya,24359,0.07218683651804671,0,34,34,471
Barsa,32187,0.048841577958672514,156,0,156,3194
Haouche Sayadi,51251,0.0,0,0,0,9
Brissat,36157,0.0,0,0,0,54
Qarha,35518,0.18719806763285024,155,0,155,828
El-Kouachra,35429,0.045360290305857955,152,23,175,3858
Aïn Kéni,23619,0.10678925035360678,151,0,151,1414
Halbata,53247,0.2029769959404601,150,0,150,739
El-Jlaicé,26274,1.8395061728395061,149,0,149,81
Tanbourite,61383,0.07736539466806064,148,0,148,1913
Kaa-el-Rime,51173,0.05154639175257732,80,0,80,1552
Jenta,53447,0.38642297650130547,148,0,148,383
Deir Nebouh,37377,0.08568075117370892,146,0,146,1704
Nabha,53271,0.07135826771653543,145,0,145,2032
Aaouainat,35420,0.15409139213602552,145,0,145,941
Wadi Baankoudine,63251,0.26765799256505574,144,0,144,538
Kfar-Challal,61494,0.2028985507246377,28,0,28,138
Dlebta,25323,0.0310841546626232,41,0,41,1319
Fih,32147,0.08950617283950617,140,34,174,1944
Bikfaya,22511,0.035487959442332066,140,0,140,3945
Metrite,36164,0.7155172413793104,137,29,166,232
Chourite,23453,0.17857142857142858,30,0,30,168
Wadi Chahrour el Olia,21267,0.06023029229406555,136,0,136,2258
Majdla,35354,0.10310841546626232,136,0,136,1319
Younine,53284,0.017514270887389726,135,0,135,7708
Bechmezzine,32117,0.0928709055876686,135,106,241,2595
Btouratige,32169,0.06829765545361875,134,0,134,1962
Maasraïti,24471,0.21674876847290642,132,0,132,609
Aadoua,37382,0.18055555555555555,130,0,130,720
Ksarnaba,53413,0.029526207370107575,129,0,129,4369
Jarjouh,71231,0.05150905432595573,128,0,128,2485
Beit Eddine,23411,0.4096774193548387,127,0,127,310
Anbal,23533,0.15,127,56,183,1220
Maasser Beit Eddine,23421,0.10063391442155309,127,0,127,1262
El-Husseiniyé,61473,33.63636363636363,0,370,370,11
Ali El-Taher,71115,0.0,0,0,0,0
El-Rihané,26159,0.4144736842105263,126,0,126,304
Chouaifat Oumara,24155,0.1837705586516243,0,1352,1352,7357
Kartaba,26311,0.03470294280955025,125,0,125,3602
Btebiat,21451,0.8012820512820513,125,0,125,156
Jouret-El-Ballout,22619,0.0775,124,0,124,1600
Izzé,71271,0.17294281729428174,124,0,124,717
Arab Soukar,61486,0.0,0,0,0,189
El-Atchané,22555,0.1361079865016873,121,0,121,889
Jdael et Kfarhi,23454,0.5529953917050692,120,0,120,217
Aïn El-Delbé,25463,0.22140221402214022,120,0,120,542
Amioune,32111,0.04294478527607362,118,190,308,7172
Al-Harik,33131,0.0,0,0,0,53
Tripoli Al-Souéka,31141,0.0,0,0,0,7658
Souhailet El-Faouka,25231,0.02194060904104407,116,0,116,5287
Bmehraï,24484,1.3243243243243243,98,0,98,74
Baadarane,23631,0.04971149578339991,112,0,112,2253
Bkarsouna,37319,0.033532934131736525,112,0,112,3340
El-Tleil,35459,0.036613272311212815,112,0,112,3059
Al-Kleiat,35243,0.024611973392461198,111,0,111,4510
Mazraet Yachou,22475,0.0171473109898675,110,0,110,6415
Kaoutarite El-Siyad,61454,0.0037174721189591076,8,0,8,2152
Rayfoun,25411,0.055752660922453116,110,0,110,1973
Michmiche,35351,0.016611295681063124,110,0,110,6622
Maska et El-Ghabeh,22627,0.09654561558901682,109,0,109,1129
Kfar Dinès,55137,0.22857142857142856,109,99,208,910
Nabiyeh,22443,0.04450796243364639,109,0,109,2449
Moussaytbeh,10210,0.22986582240313583,0,15247,15247,66330
El-Biré,23451,0.06401896858328393,108,0,108,1687
Botmé,23615,0.06316410861865407,107,0,107,1694
Fatré et Bir-el-Haït,26266,0.12322274881516587,104,0,104,844
Hbeline,26281,0.11481481481481481,62,0,62,540
Zouk Mikaèl,25116,0.0035157865710740382,102,0,102,29012
Yamouné,53388,0.0591016548463357,100,0,100,1692
Kaïtoulé,63121,0.32362459546925565,100,0,100,309
Ansariyé,61436,0.02297266253158741,100,0,100,4353
Chouaya,74124,0.05577244841048522,100,0,100,1793
El-Fraïdice,74116,0.1485884101040119,100,0,100,673
Kefr El-Ftouh,35423,0.0,0,0,0,50
 ,26388,0.391304347826087,9,0,9,23
Noura El-Faouka et Tahta,35445,0.12661498708010335,98,0,98,774
Ouadi Faara,54151,0.39591836734693875,97,0,97,245
El-Rejmeh,24335,0.5932203389830508,35,0,35,59
Hermel Zighrine,54119,0.09378084896347483,95,0,95,1013
El-Hajjé,61471,0.05706134094151213,40,0,40,701
Mazraet Kfardebiane,25439,0.007910733616454326,95,0,95,12009
El-Homsiyé,63127,0.21957040572792363,92,0,92,419
Roumine,71261,0.03626330311391407,92,0,92,2537
Torzaya,26215,0.09400826446280992,91,0,91,968
El-Watié et Harf Siad,37345,0.09278350515463918,90,0,90,970
Mjaïdel,63254,0.7699757869249395,88,230,318,413
Zahlé Mar Gérios,51115,0.0,0,0,0,2553
Houmine-el-Faouka,71246,0.020379805465493284,88,0,88,4318
Bisri,63191,0.41509433962264153,88,0,88,212
Kobbaï,21357,0.0,0,0,0,2365
Arbet Koshaya,33227,0.0,0,0,0,1071
Ejdabrine,32157,0.06258692628650904,45,0,45,719
Aghmide,24451,0.05073746312684366,86,0,86,1695
Behweité,37371,0.05319148936170213,25,0,25,470
Ras Beyrouth,10150,0.2435951837903782,0,9185,9185,37706
Kaïfoun,24337,0.12812872467222886,0,430,430,3356
Mchakhté,24443,0.0,0,0,0,30
Marj Ez-Zouhour (Haouch El-Qinnaabé),74131,0.351985559566787,28,167,195,554
El-Ramliyeh,24467,0.1355475763016158,84,67,151,1114
Bzal,35316,0.0282793867120954,83,0,83,2935
El-Borge,35183,0.06256742179072276,58,0,58,927
Machha,35137,0.025078952257105703,81,54,135,5383
Kfarnoune,35406,0.0,0,0,0,217
Rachkida,34276,0.040892193308550186,0,22,22,538
Bteddine El-Lekche,63151,0.2077922077922078,80,0,80,385
El-Ghabbatieh,63141,3.076923076923077,80,0,80,26
Majdeloun,53147,0.03261312678353037,80,0,80,2453
Rayak,51311,0.009482043380348465,80,0,80,8437
Aïn-el-Katmoune,72175,0.0,0,0,0,0
Aïn Aata,55171,0.03390914907229686,53,0,53,1563
Chane,35320,0.045887961859356376,77,0,77,1678
Al-Qa El-Benjakie,53241,0.004855287218614036,77,0,77,15859
Mechaïlha Hakour,35131,0.11856474258970359,76,0,76,641
Bkarkacha,36184,0.0,0,0,0,1048
Safiné-El-Kayteh,35324,0.04823151125401929,75,0,75,1555
Sghar et Wata Sfarta,34224,0.0,0,0,0,348
Mrah-El-Sfiré,37331,0.23197492163009403,74,0,74,319
Bekaatouta,25451,0.07487179487179488,73,0,73,975
Mohaïdcé,55141,0.07448979591836735,73,0,73,980
Ras-el-Harf,21334,1.0588235294117647,72,0,72,68
Dar Bechtar,32131,0.02418542156533423,72,0,72,2977
Hermel Djebab,54159,0.0,0,0,0,126
Edma et Defné,25156,0.024773203070481507,71,0,71,2866
El-Berbara,26183,0.1001410437235543,71,0,71,709
Wadi Bnahley,23555,0.30837004405286345,70,0,70,227
Yanouh,26347,0.9333333333333333,70,0,70,75
Haouche Kaissar,51264,0.0,0,0,0,13
Baskinta,22797,0.03002729754322111,69,63,132,4396
Kfar Katra,23419,0.0348605577689243,35,0,35,1004
Tourza,36124,0.059900166389351084,36,0,36,601
El-Habbariyé,74122,0.03903559127439724,68,0,68,1742
Aïn Jarfa,74114,0.0752212389380531,68,0,68,904
Hsarate et Richkif,26286,0.07661016949152542,67,46,113,1475
Bsarma,32125,0.03101503759398496,66,0,66,2128
Zaaitré,25353,0.06707317073170732,66,0,66,984
Bcharré,36111,0.06238003838771593,65,0,65,1042
Machta Hammoud,35437,0.004862357869539198,65,0,65,13368
Al-Amara,35265,0.004594180704441042,0,6,6,1306
Jebrâil,35163,0.04984423676012461,64,0,64,1284
Acheiche,33267,0.05241605241605242,64,0,64,1221
Tarane,37323,0.03310197544046983,62,0,62,1873
El-Karaoun,52237,0.035033196779206105,0,248,248,7079
Nahr-Ibrahim,26171,0.0122336227308603,62,0,62,5068
El-Kantara,35135,0.08036890645586298,61,0,61,759
Aïn Kinia,74126,0.07165948275862069,60,73,133,1856
Daraya,23227,0.07269874476987448,7,410,417,5736
Beit Younes,35321,0.05960945529290853,58,0,58,973
Danbou,35318,0.00972338642078793,58,0,58,5965
El-Haouchab,35219,0.025826914363389217,57,0,57,2207
Iâl,33141,0.09582542694497154,57,44,101,1054
Raskifa,33167,0.09149277688603531,57,0,57,623
Sniyé,63287,0.17337461300309598,56,0,56,323
El-Mtaileb,22447,0.010842207163601162,56,0,56,5165
Kartaboune,26123,0.0,0,0,0,3875
Ariya,63131,0.0851063829787234,56,0,56,658
Tshea,35356,0.0,0,0,0,268
Dfoun,24357,0.29891304347826086,55,0,55,184
Kfar Akab,22781,0.0,0,0,0,499
El-Dleibé,21391,0.17034700315457413,54,0,54,317
Al-Mouzeihmé,35461,0.0,0,0,0,8
Andeket,35498,0.01201269265639166,53,0,53,4412
Aïn-el-Delbé,26221,0.07317073170731707,0,24,24,328
El-Werhaniyeh,23463,0.02933038184836746,53,0,53,1807
Kfar Hazir,32123,0.016698172652804034,53,0,53,3174
Bsebhil,33149,0.11328976034858387,52,0,52,459
Yanouh,62219,0.0070859167404783,8,0,8,1129
Mâaraké,62231,0.006128461991750147,52,0,52,8485
Ammatour,23639,0.02132021320213202,52,0,52,2439
Kafr-Falouce,63211,0.25120772946859904,52,0,52,207
Chenanhir,25315,0.06607369758576874,52,0,52,787
Habbouche,71155,0.0041659990386156065,52,0,52,12482
Jeita,25261,0.016194331983805668,52,0,52,3211
Nmériyé,71327,0.012195121951219513,52,0,52,4264
Btaaboura,32153,0.06064209274673008,51,0,51,841
Arka,35141,0.004559547692868867,25,0,25,5483
Aïn-El-Tiné,37333,0.05268703898840885,50,0,50,949
Kfar Habou,37365,0.06332616046726099,50,156,206,3253
Douress,53119,0.00437024735600035,50,0,50,11441
Aïn-El-Safsaf,22727,0.09245283018867924,49,0,49,530
Homeira,35331,0.17615658362989323,49,50,99,562
Ehmège,26211,0.024822695035460994,49,0,49,1974
Kherbet Char,35431,0.04969574036511156,49,0,49,986
Saddikine,62241,0.0,0,0,0,3746
Haïtoura,63137,0.2981366459627329,48,0,48,161
Daraoun,25347,0.030687124749833223,48,44,92,2998
Karkha,63244,0.2077922077922078,48,0,48,231
Chlifa,53467,0.0,0,0,0,1807
Yahchouche,25373,0.041688654353562005,46,33,79,1895
Tanaïl,51227,0.0,0,0,0,4303
Kornet Chahouane,22455,0.01955962892589695,0,175,175,8947
Mechmech,26218,0.022965551672491265,46,0,46,2003
Sarhita,26334,15.0,45,0,45,3
Jodaidat,22211,0.03546467972044129,5,609,614,17313
Dmite,23447,0.03904923599320883,45,47,92,2356
Bachwat,53333,0.0533175355450237,45,0,45,844
Mayrouba,25459,0.024657534246575342,45,0,45,1825
Rmeiche,72167,0.009986382206082615,44,0,44,4406
Kobbet Bchamra,35269,0.006899796142386702,44,0,44,6377
Mchaa Ej Jobbé,36110,0.0,0,0,0,0
El-Azra,25361,0.06376811594202898,44,0,44,690
Hisraïl,26153,0.03125,44,0,44,1408
Chouaifat Qobbat,24133,0.08973672808828402,0,3521,3521,39237
Cheikh Taba Montagne,35123,0.018391787852865698,43,0,43,2338
Kefraya,32177,0.061260210035005834,42,63,105,1714
Kfar-Mashoune et Dmalsa,26287,0.044270833333333336,8,26,34,768
Daoucé et Baghdadi,35439,0.016260162601626018,42,0,42,2583
Misraya,53421,0.0,0,0,0,239
Kfarfou,33165,0.06222222222222222,42,0,42,675
Majdel Meouche,23445,0.017234131988230348,41,0,41,2379
Chabil,63347,0.0,0,0,0,0
Mrabine,37385,0.0,0,0,0,0
Kfar Akka,32113,0.007944196861073435,41,0,41,5161
Tal Biré,35235,0.021299254526091587,41,19,60,2817
Kattine,63284,1.9047619047619047,40,0,40,21
Bleibel,24267,0.0,0,0,0,926
Kfar Obeida,34144,0.0,0,0,0,10422
Ilate,35145,0.03813155386081983,40,0,40,1049
Rechdebbine,32139,0.028388928317955996,40,0,40,1409
Borge Kalaouiyé,72264,0.04926108374384237,40,0,40,812
Aïn-Jraïne,26227,0.16455696202531644,39,0,39,237
Mazraet Beit Chaar,22459,0.009687034277198211,39,0,39,4026
Chikhane,26295,0.05386740331491713,39,0,39,724
Gharzouze,26294,0.033482142857142856,15,0,15,448
Tal Abbas El-Charkié,35213,0.016851441241685146,38,0,38,2255
Charbila,35457,0.07129094412331406,37,0,37,519
Khartoum,61446,0.06533575317604355,36,0,36,551
Atrine,23544,0.044171779141104296,36,0,36,815
Kaoukaba,74133,0.04911323328785812,36,0,36,733
El-Ekaïbé,25171,0.028191072826938137,36,0,36,1277
Kartada,21361,0.2845528455284553,35,0,35,123
Jeddeyel,26165,0.030329289428076257,35,0,35,1154
Bteezanieh,24333,0.3723404255319149,35,0,35,94
El-Taïri,72254,0.0,0,0,0,450
Iate,35185,0.01803713527851459,34,0,34,1885
Raachine,25435,0.019461934745277618,34,0,34,1747
Ghalboune,26277,0.051643192488262914,33,0,33,639
Hemlaya,22547,0.023255813953488372,33,0,33,1419
Dabbabiyé Charkié,35432,0.040993788819875775,33,0,33,805
Batha,25325,0.03412616339193381,33,0,33,967
Hayzouk,35139,0.02219233355749832,33,0,33,1487
ElAyoune,35177,0.028522039757994815,33,0,33,1157
Basloukite,33215,32.0,32,0,32,1
Kfarfila,71221,0.01566324033284386,32,0,32,2043
Wadi Laimoune,63234,0.14349775784753363,32,0,32,223
Debel,72281,0.02200825309491059,32,0,32,1454
Abou Kamha,74112,0.48484848484848486,32,0,32,66
Marjaba,22734,0.05363321799307959,31,0,31,578
Bkarzala,35147,0.020976353928299007,30,25,55,2622
Chamate,26279,0.038560411311053984,30,0,30,778
Jouret Bedrane,25365,0.03139013452914798,28,0,28,892
Bchillé,26244,0.07631160572337042,28,20,48,629
Boksmaya,34277,0.035398230088495575,28,0,28,791
Kfar-Bite,61491,0.12727272727272726,28,0,28,220
Aïn Arab,55167,0.10606060606060606,28,0,28,264
Karm Saddé,33169,0.018480492813141684,27,0,27,1461
Al-Khaldyé,33139,0.0,0,0,0,280
Berhalioun,36137,0.036241610738255034,27,0,27,745
Hasroune,36171,0.01026615969581749,27,0,27,2630
Bazouriat,62246,0.0,0,0,0,6460
Aïntoura,25271,0.00975609756097561,26,0,26,2665
El-Zalka,22351,0.000994530084535057,0,14,14,14077
Zaghdraya,61371,0.0,0,0,0,1715
El-Houaïche,35322,0.013683634373289545,25,0,25,1827
Wadi El-Sit,23443,0.020938023450586266,25,0,25,1194
Taïd,63187,0.3582089552238806,24,0,24,67
Toura,62261,0.009241432422025414,24,0,24,2597
Mazraat Baldé,35158,0.019742489270386267,23,0,23,1165
El-Korné,35352,0.007852509388869921,23,0,23,2929
Ghabet Jaafar,23438,0.2911392405063291,23,0,23,79
Dik El-Mehdi,22463,0.013356562137049941,23,0,23,1722
El-Hazmieh,37321,0.08661417322834646,22,0,22,254
Tal Homeira,35237,0.007140538786108407,22,0,22,3081
Baabda,21211,0.020386631270846098,0,599,599,29382
Aïroune,22767,0.05459057071960298,22,0,22,403
Borge-El-Yahoudié,37251,0.035256410256410256,22,0,22,624
Omar,37367,0.05583756345177665,22,0,22,394
Beit Ayoub,35337,0.021484375,22,0,22,1024
Aïn El-Rihané,25251,0.010954616588419406,21,0,21,1917
Kfar Halda,34336,0.03078078078078078,21,20,41,1332
Hassaniyé,63241,0.06896551724137931,20,0,20,290
Saïdoune,63271,0.05063291139240506,20,0,20,395
Tripoli Al-Kobbé,31151,0.005240305434945351,0,245,245,46753
Jmeiliyeh,23316,0.12422360248447205,20,0,20,161
Kfar Hatta,32155,0.011350059737156512,19,0,19,1674
Jdeidet Ghazir,25317,0.012599469496021221,19,0,19,1508
Zahlé Mar Antonios,51123,0.0,0,0,0,49
Kfar Yachite,33153,0.03130434782608696,18,0,18,575
Douair Adouiyé,35443,0.032846715328467155,18,0,18,548
El-Maaniyeh,23235,0.16346153846153846,17,0,17,104
Ghodrace,25331,0.023066485753052916,17,0,17,737
El-Daghlé,35419,0.02361111111111111,17,0,17,720
Deir Mimas,73167,0.02680067001675042,16,0,16,597
El-Mejdel,26357,0.028268551236749116,16,0,16,566
Mazraat el-Mathané,63297,0.04892966360856269,16,0,16,327
Bednayel,32165,0.02909090909090909,16,0,16,550
Bintaél (Fdar-El-Soufla),26269,0.0228310502283105,15,0,15,657
Bchaalé,34316,0.029069767441860465,15,0,15,516
El-Nfeicé,35115,0.013806706114398421,14,0,14,1014
Tripoli Al-Zehrieh,31156,0.016415604480494398,0,85,85,5178
Mazraat Torsemhat,62281,0.0,0,0,0,0
Serhel,33255,0.019662921348314606,14,0,14,712
Majdel,35128,0.012400354295837024,14,0,14,1129
Zebdine,26246,0.01542111506524318,13,0,13,843
Al-Souaissé,35143,0.010069713400464756,13,0,13,1291
Adonis et Sannour,26239,0.02693965517241379,13,12,25,928
Majdalouna,23326,0.1326530612244898,13,0,13,98
Qarhaiya,37360,0.026262626262626262,13,0,13,495
Machmouché,63157,0.07228915662650602,12,0,12,166
El-Maknouniyé,63147,0.08571428571428572,12,0,12,140
Wadi Djezzine,63114,0.02154398563734291,12,0,12,557
Kefer-Houné,63167,0.006057546693589096,12,0,12,1981
Nammoura et Kfar Jerif,25341,0.016150740242261104,12,0,12,743
Bzoumar,25337,0.014945652173913044,11,0,11,736
Btehline,37347,0.0136986301369863,11,0,11,803
Kaakour,22744,0.010073260073260074,11,0,11,1092
Tellé et Chattaha,35173,0.018487394957983194,11,0,11,595
Haret Jandal,23647,0.017094017094017096,10,0,10,585
Bekaatet-Achkoute,25431,0.01020408163265306,10,0,10,980
Tartige,26384,0.006798096532970768,10,0,10,1471
Beit Chlale,34321,0.017985611510791366,10,0,10,556
Mounjez,35414,0.007311129163281885,9,0,9,1231
Beit Habbak,26271,0.05084745762711865,9,0,9,177
Aïn-Yacoub,35187,0.004395604395604396,8,0,8,1820
Sabbah,63134,0.053691275167785234,8,0,8,149
Arsoune,21471,0.02952029520295203,8,0,8,271
El-Ghuiné,25343,0.0030627871362940277,8,0,8,2612
Aïta El-Fokhar,55194,0.005578800557880056,8,0,8,1434
Mazraet-El-Jrein,73116,0.11940298507462686,8,0,8,67
Beit Haouik,37357,0.017241379310344827,8,0,8,464
El-Koubayet,35487,0.0008254716981132076,7,0,7,8480
Wadi el-Haour,35455,0.01583710407239819,7,0,7,442
Forn El-Chobbek,21133,0.02495704115866132,0,305,305,12221
Bouhairet Toula,33239,0.035,7,0,7,200
El-Kharbé,26249,0.025362318840579712,7,0,7,276
 ,25488,0.0,0,0,0,0
Benouaïti,23263,0.047619047619047616,6,0,6,126
Beit-Ghattas,35134,0.04918032786885246,6,0,6,122
Aïha,55117,0.0022381378692927483,5,0,5,2234
El-Ksaibeh,21364,0.0099601593625498,5,0,5,502
Ouadi Khaled,35512,0.00024498995541182814,5,0,5,20409
Hasbaya-el Meten,21397,0.017793594306049824,5,0,5,281
Ballouné,25221,0.0007669888019634913,5,0,5,6519
Bezhel,25369,0.010638297872340425,5,0,5,470
Omar el-Beikate,35449,0.003194888178913738,5,0,5,1565
Al-Abboudié,35249,0.001893222264293828,5,0,5,2641
Ghorfine,26291,0.005625879043600563,4,0,4,711
Bejjé,26276,0.0045351473922902496,4,0,4,882
Lehfed,26233,0.0021691973969631237,4,0,4,1844
Deir Mimas Doumiat,73143,0.0,0,0,0,0
Maarab,25321,0.016597510373443983,4,0,4,241
Sindianet Zeidan,35411,0.002036659877800407,4,0,4,1964
El-Erbaniyeh,21381,0.008450704225352112,3,0,3,355
Freidice,35412,0.006535947712418301,2,0,2,306
Antoura,22751,0.09791044776119404,0,164,164,1675
Hadtoune,34351,0.0,0,0,0,467
Sohmor,52267,0.0,0,0,0,5097
Tal Zenoub,52221,0.3505747126436782,0,122,122,348
Al-Rihanié,37281,0.0,0,0,0,220
Wata El-Mrouge,22731,0.0,0,0,0,1247
Snaiber,61457,0.0,0,0,0,11
Haret El-Belleni,22383,0.0,0,0,0,3611
Tahouitat-el-Ghadir,21188,0.0,0,0,0,7707
Niha,34376,0.0,0,0,0,225
Douk,34218,0.0,0,0,0,196
Al-Semmakié,35271,0.0,0,0,0,3004
Habil,26234,0.0,0,0,0,246
Al-Taybat,53139,0.0,0,0,0,1473
Al-Boukaia,32193,0.0,0,0,0,12
Beit-El-Haouche,35367,0.0,0,0,0,180
Kana,62229,0.0,0,0,0,5587
Mrah el Hage,34254,0.0,0,0,0,93
Bakka,55177,0.3051181102362205,0,155,155,508
Baïkoun,23687,0.0,0,0,0,244
Karnaoun,34283,0.0,0,0,0,66
Tair Harf,62295,0.0,0,0,0,631
Sirine,26254,0.0,0,0,0,0
Bchnnata,37359,0.0,0,0,0,51
Jditah,51224,0.005804672761573066,0,40,40,6891
Aïn-Enoub,24259,0.05458290422245108,0,212,212,3884
Chatine,34366,0.0,0,0,0,111
Ras-Baalbek - Wadi Faara,54143,0.0,0,0,0,21
Bsifrine et El-Zahriyé,22691,0.0,0,0,0,177
Aïn Kfar Zabed,51377,0.0,0,0,0,1432
Touaité,51145,0.0,0,0,0,198
Harissa,25339,0.08595641646489104,0,71,71,826
Hekr el Dahiri,35253,0.0,0,0,0,1196
Srayri,63298,0.0,0,0,0,0
Delhamié,51383,0.0,0,0,0,9825
Haouche Barada,53151,0.0,0,0,0,812
Bikaa kafra,36191,0.0,0,0,0,543
Hardine,34361,0.0,0,0,0,122
Hadeth-el-Jebbé,36131,0.0,0,0,0,1004
Blaouza,36151,0.0,0,0,0,538
Mezher,22319,0.0,0,0,0,1937
Bazoune,36181,0.0,0,0,0,731
El-Tellé,33171,0.0,0,0,0,46
Maazraat-el-Ramtanieh,51185,0.0,0,0,0,10
Dahr el-Kneissé,35465,0.0,0,0,0,536
Deir Baklouche,25335,0.0,0,0,0,0
Saadine,35217,0.0,0,0,0,1192
Beit Ksab,34371,0.0,0,0,0,52
Al-Jédidé,35125,0.0,0,0,0,2607
Cheikh Zennad Tal Bibé,35267,0.0,0,0,0,1577
Zahlé (Terres),51133,0.04066543438077634,0,176,176,4328
Remeil,10550,0.0,0,0,0,21978
Batouliyat,62162,0.0,0,0,0,3232
Halane,33275,0.0,0,0,0,958
Khreibet Aakkar,35330,0.0,0,0,0,371
Kfar Zabed,51389,0.0,0,0,0,8388
Bar-Elias,51267,0.0006969761955822432,0,26,26,37304
Sadaka,35327,0.0,0,0,0,46
Mimnih,35371,0.0,0,0,0,256
Kahf-El-Malloul,37373,0.0,0,0,0,528
Soltan-Yacoub,52231,0.0,0,0,0,2289
Fourzol,51139,0.0,0,0,0,6431
Knate,36127,0.0,0,0,0,730
Kefraya,52156,0.08122866894197953,0,119,119,1465
Wata Houb,34381,0.0,0,0,0,794
Bchenine,33157,0.0,0,0,0,251
Wadi-el-Arayeche,51189,0.03498293515358362,0,41,41,1172
Hadchite,36177,0.0,0,0,0,3590
Berket Hejoula,26237,0.0,0,0,0,117
Arida,35273,0.0,0,0,0,1055
Hamara,52244,0.0,0,0,0,3702
Loucia,52141,0.0,0,0,0,253
Djounié Ghadir,25121,0.005668710038889987,0,86,86,15171
Kfar hata,33121,0.0,0,0,0,1748
El-Dimane,36161,0.0,0,0,0,254
Aïn-Ebel,72143,0.00961136648558295,0,23,23,2393
Mazraat Jneide,33135,0.0,0,0,0,0
Mansoura,52171,0.043115438108484005,0,155,155,3595
Hedayné,26324,0.0,0,0,0,125
Sarahmoul,24227,0.0,0,0,0,1218
Daraya,33163,0.0,0,0,0,950
El-Krayat,35334,0.0,0,0,0,850
Abou-Mizane,22575,0.0,0,0,0,141
Tchiflik Eddé,51274,0.0,0,0,0,233
Hamoul,62314,0.0,0,0,0,11
Deirine,35225,0.0,0,0,0,1116
Chouaya,22764,0.0,0,0,0,651
Al-Khiara,52234,0.0759651307596513,0,183,183,2409
Al Moghrak,35251,0.0,0,0,0,269
 ,26213,0.0,0,0,0,70
Bkhchtaine,23253,0.0,0,0,0,11
Biakoute,22359,0.07339692633810281,0,277,277,3774
Ehden,33211,0.0,0,0,0,568
Mazraet Dmoul,71357,0.0,0,0,0,46
Ram,34346,0.0,0,0,0,18
El-Mahmoudiyeh,63371,0.0,0,0,0,16
Mehemrech,34236,0.0,0,0,0,445
Yahoudiat,61412,0.0,0,0,0,694
Jabal Toura,63164,0.0,0,0,0,4
Tannoura,55131,0.0,0,0,0,665
Qemmamine,37344,0.0,0,0,0,458
Dahr-Leyciné,35155,0.0,0,0,0,614
Aïn-El-Kharroubé,22543,0.0,0,0,0,1009
Blida,73288,0.0,0,0,0,855
Al-Kneissé,35245,0.0,0,0,0,860
Tourbol,37387,0.0,0,0,0,245
Deir-Janine,35441,0.0,0,0,0,852
Sbouba,53261,0.0,0,0,0,235
Trafelsiyé,62271,0.0,0,0,0,1968
Kfar Hatna,34241,0.0,0,0,0,400
Almate El-Jenoubiat,26214,0.0,0,0,0,79
Al-Mina No2,31176,0.0,0,0,0,10694
Nahla,34273,0.0,0,0,0,75
Saïda Wastani,61111,0.19546004279467857,0,2101,2101,10749
Zahlé Maallaka Kerek,51121,0.0002410945693448255,0,4,4,16591
El-Chmeice,21347,0.0,0,0,0,1
Eghbeh,25391,0.0,0,0,0,71
Wadi-el-Dalam,51257,0.0,0,0,0,830
Hnaïder,35514,0.0,0,0,0,2201
El-Karkaf,35341,0.0,0,0,0,2227
Merh Kfarsghabe,33155,0.0,0,0,0,1465
El-Rahbane,63194,0.0,0,0,0,10
Kherbet Bassal,61467,0.08358662613981763,0,55,55,658
Haïdab,63281,0.0,0,0,0,232
Kfar Kahel,32167,0.0,0,0,0,814
Kherbet Bisri,23371,0.0,0,0,0,79
El-Biré,55164,0.015772870662460567,0,25,25,1585
Al-Nabi Aïla,51151,0.0,0,0,0,717
Mazraat Louzid (Louayziyé),63348,0.0,0,0,0,0
Dbayé,22375,0.0,0,0,0,4996
Tarchiche,21481,0.0,0,0,0,172
Cheïetiyé,62277,0.0,0,0,0,2467
Breige,26253,0.0,0,0,0,607
Deir Mkhallesse,23346,0.0,0,0,0,107
Mar Mama,34226,0.0,0,0,0,132
Dar El-Ouassia,53366,0.0,0,0,0,116
Houmale,24275,0.0,0,0,0,1695
Nabi Safa,55199,0.0,0,0,0,34
Kfifane,34233,0.0,0,0,0,566
Maksé,51217,0.013068013068013067,0,44,44,3367
Kfar Harra,35157,0.0,0,0,0,325
Aïn-El-Sindiané,22737,0.0,0,0,0,298
Baïssour,24343,0.02543085329970576,0,242,242,9516
Bdebba,32145,0.0,0,0,0,745
Hboub,26284,0.0,0,0,0,1727
Al-Massoudié,35229,0.0,0,0,0,4800
El Halaliyeh,21324,0.37866666666666665,0,142,142,375
Chouberkié  Tabet,51247,0.0,0,0,0,31
Aïn Aar,22471,0.0,0,0,0,1338
Dibbine,73119,0.0,0,0,0,686
Karabeiche,33119,0.0,0,0,0,496
Aïnata,72119,0.0,0,0,0,3356
Hochemoche,51341,0.0,0,0,0,35
Deir Ntar,72244,0.0,0,0,0,2053
Saïd Neil,51231,0.0,0,0,0,17998
El-Laklouk,26361,0.0,0,0,0,277
Baouchariat,22228,0.0023460670178389624,0,159,159,67773
Mazraet El-Dahr,23366,0.0,0,0,0,439
Mandara,51237,0.0,0,0,0,85
Jage,26381,0.0,0,0,0,498
Hamat,34287,0.0,0,0,0,2446
Sir,37311,0.0,0,0,0,6287
Ghazzé,52227,0.010606351031882948,0,166,166,15651
Bhanine,63181,0.0,0,0,0,167
Beit Menzer,36187,0.0,0,0,0,6119
Wata Salam,25141,0.0,0,0,0,2174
Dair Tahmiche,52166,0.0,0,0,0,85
Ana,52161,0.0,0,0,0,1120
Al-Wakf,52261,0.0,0,0,0,0
Behdaidate,26259,0.0,0,0,0,253
Btallaoun,24421,0.0,0,0,0,149
Zouk-Khrab,22467,0.0,0,0,0,8178
Kaoutarite El-Riz,61426,0.0,0,0,0,1559
Bkennaya,22431,0.0,0,0,0,2586
Laylaki,21166,0.0,0,0,0,11078
Nahr El-Dahab,25371,0.0,0,0,0,457
Al Kattara,26251,0.0,0,0,0,560
Tamnine-el-Fauqa,53415,0.0,0,0,0,4410
Tannourine el Tahta,34356,0.0,0,0,0,1125
Port,10450,0.0,0,0,0,151
Chawalik,63247,0.0,0,0,0,315
Beit Lahia,55127,0.0,0,0,0,415
Abdilli,34217,0.0,0,0,0,736
Rafid-el-Mernaba,62284,0.0,0,0,0,5
El-Midan,63161,0.0,0,0,0,202
Zabbougha,22794,0.0,0,0,0,302
Zahlé Al-Rassié,51117,0.0,0,0,0,4131
Ebel-El-Saki,73127,0.0,0,0,0,2354
Al-Sawiré,52264,0.008032915360501568,0,41,41,5104
Deir Kanoun El-Nahr,62263,0.0,0,0,0,3644
Zhalta,63177,0.0,0,0,0,80
Deir El-Zehrani,71311,0.0,0,0,0,8690
Srar,35471,0.0,0,0,0,84
Haitoulé,63224,0.0,0,0,0,51
Aïn-Alak,22551,0.0,0,0,0,1281
Djounié Haret Sakhr,25131,0.0032984814538212595,0,53,53,16068
litige,55002,0.0,0,0,0,0
Aïn Séa et Chadourah,53163,0.0,0,0,0,3
Frat,26223,0.9375,0,15,15,16
Al-Hissa,35221,0.0,0,0,0,4651
Chtaura,51211,0.0,0,0,0,3599
Zahlé Midan,51111,0.019599265027561468,0,224,224,11429
Chouaifat Amroussyat,24111,0.0,0,0,0,98172
Arsale,53231,0.0,0,0,0,47604
Aassaymout,37362,0.0,0,0,0,32
El-Mhaidcé,22515,0.0,0,0,0,1228
Wadi Chahine,22519,0.0,0,0,0,73
Ktalé,21331,0.0,0,0,0,0
Falougha,21446,0.0,0,0,0,1985
Beitroumine,32159,0.0,0,0,0,1644
Mimas,74128,0.0,0,0,0,1144
Haouche Hala,51317,0.0,0,0,0,4666
Al-Semmakli,35259,0.0,0,0,0,535
Helta,34267,0.0,0,0,0,271
Beit El Koukou,22451,0.0,0,0,0,1518
Bsous,24291,0.0,0,0,0,1586
El-Kafr et El-Harf,26273,0.0,0,0,0,413
Chmout,26296,0.0,0,0,0,267
Aïn Akrine,32135,0.0,0,0,0,198
Ejbeh,33291,0.0,0,0,0,204
Deir Kfifane,34223,0.0,0,0,0,16
Harbouna,34253,0.0,0,0,0,33
Haytla,35463,0.0,0,0,0,974
Al-Rihanié,35467,0.0,0,0,0,4234
 ,52241,0.0,0,0,0,72
Mazraet Matarite Jebah,61484,0.0,0,0,0,1456
Chihine,62285,0.0,0,0,0,494
El-Mansouri,62296,0.0,0,0,0,2682
Majdalzoun,62297,0.0,0,0,0,1085
Chameh,62298,0.0,0,0,0,232
Eskandaroun,62299,0.0,0,0,0,21
Boustane,62321,0.0,0,0,0,234
El-Remmané,63154,0.0,0,0,0,4
El-Rihane,63319,0.0,0,0,0,1215
Jobchite,71337,0.0,0,0,0,10456
Ksaibé,71374,0.0,0,0,0,5855
Braikeh,71387,0.0,0,0,0,2301
El-Kouzah,72291,0.0,0,0,0,565
Ain el-Mreissé,10110,0.6938461538461539,0,3157,3157,4550
Minet el-Hosn,10250,0.6876640419947506,0,1048,1048,1524
Baaloul,52224,0.08127018299246501,0,151,151,1858
Tripoli Al-Tabbaneh,31161,0.004136504653567736,0,116,116,28043
Tripoli Al-Tal,31121,0.0072365247138283404,0,330,330,45602
Aïn -El-Zeitouné,22714,0.0,0,0,0,94
Jib Jénine,52211,0.02982541222114452,0,369,369,12372
Batroune,34111,0.05543138131426017,0,248,248,4474
Saifé,10510,0.07899628252788105,0,170,170,2152
El-Mghaïré,26341,0.06813627254509018,0,68,68,998
Almane,73293,0.0,0,0,0,12
Saghbine,52136,0.029734675205855442,0,65,65,2186
Bakkifa,55121,0.0,0,0,0,963
Achrafieh,10650,0.0024156085475379374,0,117,117,48435
Haouche-al-Omara (Terres),51127,0.0,0,0,0,4165
Slouky,53423,0.0,0,0,0,17
Aïn-El-Kach,22523,0.0,0,0,0,109
Mar Abda El-Mchammar,22487,0.0,0,0,0,3
El-Mghaer,25467,0.0,0,0,0,2
Jejime,62318,0.0,0,0,0,11
Zebdol,51214,0.0,0,0,0,374
Mouchaa Kesrouan (Kfardebian),25482,0.0,0,0,0,19
 ,26390,0.0,0,0,0,0
El-Machera,22787,0.0,0,0,0,72
Abey,24375,0.03714403631861329,0,90,90,2423
Bteghrine,22757,0.0,0,0,0,3416
Kharnoub,37335,0.0,0,0,0,421
Mazraat Ejbeh,33127,0.0,0,0,0,0
Arkoub (Mazraat),63367,0.0,0,0,0,0
Denké et El-Amriyeh,35421,0.0,0,0,0,265
Mreijat,51241,0.0,0,0,0,1294
Deir Mar Youssef Jrabta,34227,0.0,0,0,0,0
Douar,22761,0.0,0,0,0,1142
Mchikha,22717,0.0,0,0,0,189
Bdédoune,24283,0.0,0,0,0,1942
Salhané,72135,0.0,0,0,0,0
Mazraet El-Ras,25281,0.0,0,0,0,805
Mastita,26117,0.0,0,0,0,1118
Aïn Mouaffak,21314,0.0,0,0,0,15
Tfeil,53475,0.0,0,0,0,244
Deir Amess,62223,0.0,0,0,0,1166
Jouar el Haouz,21461,0.0,0,0,0,186
Asnoune,33125,0.0,0,0,0,403
Samiate,61433,0.0,0,0,0,15
Krouh,63339,0.0,0,0,0,0
El-Mrouge,22733,0.05256723716381418,0,86,86,1636
Abrine,34269,0.0,0,0,0,1875
Smar Jbeil,34239,0.0,0,0,0,414
Harime-el-Soughra,52271,0.0,0,0,0,116
El-Ouyoun,22635,0.0,0,0,0,652
El-Hed,35169,0.0,0,0,0,224
Bsalime,22439,0.0,0,0,0,2222
Ras Nahache,34284,0.0,0,0,0,1645
"Chaouié, Knaitré et Mar gergesse Bhurdok",22559,0.0,0,0,0,565
Daraya,25241,0.0,0,0,0,893
Cheir Homeirine,35224,0.0,0,0,0,4376
Saïssouk,35311,0.0,0,0,0,176
Bab Mareh,52126,0.0,0,0,0,475
Hmairé,62244,0.0,0,0,0,563
Abou Chech,62319,0.0,0,0,0,84
Baba,63174,0.0,0,0,0,21
Aramté,63311,0.0,0,0,0,1335
Khellet Khazen,63335,0.0,0,0,0,7
Yohmor,71394,0.0,0,0,0,2563
Kfar Haml,23415,0.0,0,0,0,0
Douair Bsennaï,23431,0.0,0,0,0,0
Homs et Hama,24437,0.0,0,0,0,0
 ,33152,0.0,0,0,0,0
Deir Mar Youhanna Douma,34326,0.0,0,0,0,0
Tchiflik Kikano,51261,0.0,0,0,0,0
Ouadi El-Osse,54183,0.0,0,0,0,0
Sfenté,61497,0.0,0,0,0,0
El-Zeghrine,63343,0.0,0,0,0,0
Tamra,63383,0.0,0,0,0,0
Mazraet Kalaat Meiss,71384,0.0,0,0,0,0
Belhos,26354,0.0,0,0,0,2
Khiara-el-Atika,52247,0.0,0,0,0,5
Dael,34279,0.0,0,0,0,85
El-Armeh,35484,0.0,0,0,0,31
Mazraet-el-Mzeiraa,21321,0.0,0,0,0,12
Alita,26219,0.0,0,0,0,35
Deir-Aïn-el-Jaouzé,52131,0.0,0,0,0,62
Ras Baalbek El-Gharbi,54135,0.0,0,0,0,128
Arab-el-Jal,61487,0.0,0,0,0,424
Mazraet El-Nahr,24474,0.0,0,0,0,24
Mar Mikhael Bnabil,22724,0.0,0,0,0,182
Al-Hery,34177,0.0,0,0,0,1368
Tehoum,34133,0.0,0,0,0,635
Ksara,51184,0.0,0,0,0,1617
El-Bardé,35408,0.0,0,0,0,154
Mrah-El-Ziet,34229,0.0,0,0,0,166
Mazraat Jimjim,61421,0.0,0,0,0,431
Nabi Youcheaa,37261,0.0,0,0,0,2178
Aïchiyé,63355,0.0,0,0,0,588
"Ammik et ""Jouret Ammik""",52176,0.0,0,0,0,737
Kfar Badda,61418,0.0,0,0,0,796
Dair El-Ahmar,53311,0.0,0,0,0,6962
Beirut Central District,10999,0.0,0,0,0,272
Al-Djeziré,52257,0.0,0,0,0,154
Bejdarfel,34264,0.0,0,0,0,1157
Ejdabra,34266,0.0,0,0,0,644
Zahlé Barbara,51119,0.0,0,0,0,1597
Al-Qa Bayoun,53257,0.0,0,0,0,852
Ktalé,63291,0.0,0,0,0,65
Mrah Chdid,34256,0.0,0,0,0,308
Jrabta,34219,0.0,0,0,0,198
Jrane,34234,0.0,0,0,0,607
Riha,53355,0.0,0,0,0,461
Wadi-kannoubine,36141,0.0,0,0,0,105
Zahlé Haouche Al-Oumara,51131,0.0,0,0,0,4830
Jouret-el-Kattine,26236,0.0,0,0,0,99
Deria,34215,0.0,0,0,0,314
Aïn-Zebdé,52146,0.0,0,0,0,1101
Chabtine,34221,0.0,0,0,0,879
Kferyacine,25146,0.0,0,0,0,2822
Aba,32143,0.0,0,0,0,778
Djounié Salel Alma,25136,0.0,0,0,0,7900
Tal Sibhel,35247,0.0,0,0,0,180
El-Sfailé,22567,0.0,0,0,0,496
Ardate,33113,0.0,0,0,0,4042
Bkifa,23356,0.0,0,0,0,101
El-Mayassé,22539,0.0,0,0,0,622
Fghal,26298,0.0,0,0,0,679
Argesse,33161,0.0,0,0,0,950
Mar Roukose et Dahr El-Hossain,22245,0.0,0,0,0,1456
Zeghrine,22771,0.0,0,0,0,416
Maallaka (Terres),51125,0.0,0,0,0,8896
Kour,34246,0.0,0,0,0,784
Kanabet Broummana,22643,0.0,0,0,0,1023
El-Dechouniyeh,22415,0.0,0,0,0,685
Chakdouf,35181,0.0,0,0,0,418
El-Khounchara,22747,0.0,0,0,0,2269
Dahr Haddara,35159,0.0,0,0,0,599
Bouday,53459,0.0,0,0,0,9212
Douma,34311,0.0,0,0,0,1839
Kfar Remmane,71133,0.0,0,0,0,7826
Aïn-el-Assad et Chmeicé,23223,0.0,0,0,0,225
Salaata,34166,0.0,0,0,0,523
Khazize,61474,0.0,0,0,0,132
Assia,34263,0.0,0,0,0,1032
Majdel,32149,0.0,0,0,0,620
Haouche-el-Harimé,52254,0.0,0,0,0,5126
Chbaniyeh,21426,0.0,0,0,0,1360
Dakoué,52251,0.0,0,0,0,857
Jebla,34274,0.0,0,0,0,287
Majdoub,22435,0.0,0,0,0,1439
Roumieh,22427,0.0,0,0,0,3027
Bechtoudar-Aoura,34331,0.0,0,0,0,517
Beit Zaoud,37349,0.0,0,0,0,519
Bisrine,24464,0.0,0,0,0,182
Sakiet-El-Misk et Bhorsaf,22535,0.0,0,0,0,1852
Rachehine,33117,0.0,0,0,0,5495
Addous,53127,0.0,0,0,0,1661
Zacrite,22483,0.0,0,0,0,956
El-Ghozaili,35475,0.0,0,0,0,963
Bsaba Wadi Dlab,21283,0.0,0,0,0,960
Mkallesse,22279,0.0,0,0,0,1215
Chrine,22591,0.0,0,0,0,426
Hawara,37355,0.0,0,0,0,484
Beit Chebab,22531,0.0,0,0,0,5120
Kornet-El-Hamra,22595,0.0,0,0,0,2292
Tal Kerri,35231,0.0,0,0,0,3226
Niha,51177,0.0,0,0,0,1360
Haql el Aazimé,37327,0.0,0,0,0,1220
Kfar Bibnine,37395,0.0,0,0,0,787
Deir Tamiche,22479,0.0,0,0,0,1223
Bargoune,32163,0.0,0,0,0,480
Toula,34212,0.0,0,0,0,505
Al-Istable,52295,0.0,0,0,0,1317
Al-Marje,52277,0.0,0,0,0,18478
Al-Sammounié,35227,0.0,0,0,0,2272
El-Kahlouat,74168,0.0,0,0,0,883
Ghbélé,25363,0.0,0,0,0,1632
Kfar Hay,34271,0.0,0,0,0,578
Al-Mina Jardins,31186,0.0,0,0,0,12806
Chekka,34188,0.0,0,0,0,12273
Zouk-El-Habalça,35153,0.0,0,0,0,636
Kattiné,37315,0.0,0,0,0,1196
Kherbet Daoud,35417,0.0,0,0,0,2756
Mazraet El-Hadira,22367,0.0,0,0,0,2224
Aïn El-Kabou,22777,0.0,0,0,0,308
Mar Boutros Karm El-Tine,22527,0.0,0,0,0,635
Bkeftine,32189,0.0,0,0,0,1325
Kakiat El-Jisr,71381,0.0,0,0,0,6327
Aïn Horché,55147,0.0,0,0,0,615
Harouf,71331,0.0,0,0,0,10519
Yanta,55184,0.0,0,0,0,1804
Douair,71334,0.0,0,0,0,11385
Haret Horaïk,21144,0.0,0,0,0,62844
Borge el Baragenat,21177,0.0,0,0,0,130641
Mardachat,21235,0.0,0,0,0,281
Haret Hamzé,21327,0.0,0,0,0,27
Deir Khouna,21337,0.0,0,0,0,17
El-Kneissé,21377,0.0,0,0,0,33
Jouret Arsoune,21487,0.0,0,0,0,64
Aïn-el-Teffaha,22563,0.0,0,0,0,372
Deir Chamra,22579,0.0,0,0,0,167
El-Jouar,22587,0.0,0,0,0,508
Kannabet Salima,22683,0.0,0,0,0,169
El-Khellé,22722,0.0,0,0,0,47
Wadi El-Karm,22791,0.0,0,0,0,264
Kfartaï,22799,0.0,0,0,0,26
Wadi Abou Youssef,23237,0.0,0,0,0,1
Kraya,23351,0.0,0,0,0,16
El-Jleiliyeh,23376,0.0,0,0,0,50
El-Kneissé,23425,0.0,0,0,0,173
Ammik,23427,0.0,0,0,0,100
Wadi El-Deir,23441,0.0,0,0,0,563
El-Fouara,23449,0.0,0,0,0,796
El-Bkaya,23457,0.0,0,0,0,38
El-Moghaïré,23461,0.0,0,0,0,202
Deir-Koubel,24177,0.0,0,0,0,3233
Aïn Drafile,24219,0.0,0,0,0,15
Dakkoun,24251,0.0,0,0,0,242
El-Kahalé,24313,0.0,0,0,0,3238
Kfar-Aammay,24341,0.0,0,0,0,304
Douair El-Roummane,24345,0.0,0,0,0,12
Roueissat El-Naaman,24347,0.0,0,0,0,132
Bouzridé,24355,0.0,0,0,0,10
Aïn Traz,24361,0.0,0,0,0,89
Selfaya,24363,0.0,0,0,0,31
Aïn El-Halzoune,24431,0.0,0,0,0,46
Habramoun,24461,0.0,0,0,0,29
El-Mreijate,24481,0.0,0,0,0,99
Boukak El-Dine,25176,0.0,0,0,0,3699
Kharayeb Nahr Ibrahim,25181,0.0,0,0,0,299
Aramoun,25327,0.0,0,0,0,1034
Herhraya et Kattine,25333,0.0,0,0,0,635
Hayata,25349,0.0,0,0,0,618
Chahtoul,25351,0.0,0,0,0,890
Jouret Termos,25355,0.0,0,0,0,734
Jouret Mhad,25359,0.0,0,0,0,50
El-Mradiyeh,25367,0.0,0,0,0,309
Mazraet Mrah el-Mir,25419,0.0,0,0,0,198
Kfertaï,25447,0.0,0,0,0,25
Mouchaa Kesrouan (Faraya),25485,0.0,0,0,0,2
Kfar-Keddé,26189,0.0,0,0,0,181
Kfarbaal (Annaya),26224,0.0,0,0,0,364
Hakel,26247,0.0,0,0,0,362
Maïfouk,26257,0.0,0,0,0,594
El-Ramout,26261,0.0,0,0,0,111
Sakiet-el-Kheite,26263,0.0,0,0,0,133
Kfar Kaouass,26264,0.0,0,0,0,58
El-Kfoune,26267,0.0,0,0,0,888
Aïn Kfah,26289,0.0,0,0,0,188
Bakhaase,26297,0.0,0,0,0,121
Deir Mar Sarkis,26314,0.0,0,0,0,111
Ghabate,26337,0.0,0,0,0,212
Tedmor et Serghal,26344,0.0,0,0,0,10
Kehmez,26367,0.0,0,0,0,1339
Akoura,26371,0.0,0,0,0,845
Arab El-Haibe,26374,0.0,0,0,0,60
Saki-Rechmaya,26377,0.0,0,0,0,118
 ,26392,0.0,0,0,0,84
Tripoli Al Haddadin,31116,0.0,0,0,0,41739
Tripoli Al-Nouri,31126,0.0,0,0,0,2209
Tripoli Al-Mouhaitra,31131,0.0,0,0,0,233
Tripoli Al-Rmmanieh,31136,0.0,0,0,0,1533
Tripoli Al-Hadid,31146,0.0,0,0,0,822
Al-Mina No3,31181,0.0,0,0,0,10460
Dar Chmezzine,32129,0.0,0,0,0,613
Kaftoune,32151,0.0,0,0,0,685
Badbhoun,32161,0.0,0,0,0,299
Belmand,32173,0.0,0,0,0,28
Zakroune,32175,0.0,0,0,0,478
Al-Hraïché,32183,0.0,0,0,0,196
Al-Jdeidé,33137,0.0,0,0,0,532
Kfar Haoura,33143,0.0,0,0,0,995
Kfar Chakna,33147,0.0,0,0,0,263
Sakhra,33151,0.0,0,0,0,352
Benachée,33159,0.0,0,0,0,318
Kfarsghab,33223,0.0,0,0,0,143
Aïto,33243,0.0,0,0,0,1170
Sebhel,33259,0.0,0,0,0,1383
Danhi,33263,0.0,0,0,0,10
Boucite,33279,0.0,0,0,0,182
Kefraya,33283,0.0,0,0,0,65
Mazraet Hreikess,33287,0.0,0,0,0,490
Rachana,34122,0.0,0,0,0,283
Al-Boukaïa et Dahr Abi Yaghi,34211,0.0,0,0,0,138
Masreh,34214,0.0,0,0,0,121
Chouma,34231,0.0,0,0,0,283
El-Alaly,34237,0.0,0,0,0,182
Zane,34243,0.0,0,0,0,796
El-Ftahat,34244,0.0,0,0,0,88
Racha,34247,0.0,0,0,0,250
Basbina,34249,0.0,0,0,0,614
Artiz,34251,0.0,0,0,0,198
Kfar Chleïman,34257,0.0,0,0,0,96
Eddé,34259,0.0,0,0,0,819
Sourate,34261,0.0,0,0,0,421
Kfar Heloss,34281,0.0,0,0,0,67
Wejh-el-Hajar,34286,0.0,0,0,0,458
Kfour El-Arabi,34341,0.0,0,0,0,425
Cheikh Taba Plaine,35121,0.0,0,0,0,185
Zouk el Moukachérine,35161,0.0,0,0,0,463
Beit Mallat,35174,0.0,0,0,0,1027
Kboula,35179,0.0,0,0,0,734
Katté,35223,0.0,0,0,0,500
Kaabarine,35233,0.0,0,0,0,2393
Kafr Malka,35234,0.0,0,0,0,1737
Jouret Srar,35239,0.0,0,0,0,714
Barcha,35241,0.0,0,0,0,242
Merlayet Melhem,35255,0.0,0,0,0,308
Al-Kharnoubé,35257,0.0,0,0,0,939
Janine,35263,0.0,0,0,0,180
Al-Roumoul,35281,0.0,0,0,0,1134
Kloud El-Bakia,35317,0.0,0,0,0,187
Eyoune-El-Ghouzlane,35347,0.0,0,0,0,242
Chikhlar,35402,0.0,0,0,0,784
Rmah,35404,0.0,0,0,0,751
El-Kousseir,35415,0.0,0,0,0,123
Fseikine et Aïn Achma,35425,0.0,0,0,0,99
Khalsa,35430,0.0,0,0,0,152
Barbara,35433,0.0,0,0,0,523
El-Msallé,35451,0.0,0,0,0,67
Kachlak,35453,0.0,0,0,0,279
Saïdnaya,35469,0.0,0,0,0,318
Hmais,35470,0.0,0,0,0,15
Mazraet-El-Nahrieh,35486,0.0,0,0,0,3312
Dayret Nahr El-Kébir,35511,0.0,0,0,0,3449
El-Kneissé,35515,0.0,0,0,0,1803
Knaiouer,36114,0.0,0,0,0,138
Billa,36117,0.0,0,0,0,286
Abdine,36121,0.0,0,0,0,801
Mazraet-Beni-Saab,36134,0.0,0,0,0,228
Mazraet Assaf,36144,0.0,0,0,0,109
Bane,36147,0.0,0,0,0,636
Mugher-el-Ahwel,36154,0.0,0,0,0,190
Mazraat Ketrane,37314,0.0,0,0,0,127
Qraine,37353,0.0,0,0,0,95
Debaael,37356,0.0,0,0,0,556
Jaroun,37358,0.0,0,0,0,556
Zaghrteghrine,37369,0.0,0,0,0,845
Bechhara,37379,0.0,0,0,0,12
Mazraet-El-Kreine,37383,0.0,0,0,0,127
Zahlé Haouche Al-Zaraané,51113,0.0,0,0,0,1341
Zahlé Saidet Al-Najda,51129,0.0,0,0,0,48
Zahlé Mar Elias,51135,0.0,0,0,0,4174
Al-Mazraa,51271,0.0,0,0,0,346
Al-Nasriyé,51287,0.0,0,0,0,157
Haouche-el-Ghanam,51329,0.0,0,0,0,713
Tal-al-Amara,51335,0.0,0,0,0,50
Dair-el-Ghazel,51347,0.0,0,0,0,571
Nasriyat Rizk,51354,0.0,0,0,0,1153
Machghara,52111,0.0,0,0,0,8173
Aïn-el-Tiné,52116,0.0,0,0,0,1492
Lebbaya,52274,0.0,0,0,0,2377
Yohmor,52281,0.0,0,0,0,1943
Zellaya,52284,0.0,0,0,0,192
Maïdoune,52287,0.0,0,0,0,51
Kélia,52291,0.0,0,0,0,760
Aïn Bourday,53115,0.0,0,0,0,929
Oummouchki,53131,0.0,0,0,0,46
Haouche El-Dahab,53159,0.0,0,0,0,73
Ras Baalbek El-Charki,53227,0.0,0,0,0,72
Couvent St Maron,53244,0.0,0,0,0,83
Mikrak,53251,0.0,0,0,0,749
Al-Qa Wadi El-Khanzir,53254,0.0,0,0,0,512
Al-Qa Jouar Mekie,53267,0.0,0,0,0,713
Btédy,53375,0.0,0,0,0,993
Aïnata,53377,0.0,0,0,0,1100
Saraïne,53437,0.0,0,0,0,8784
Talia,53439,0.0,0,0,0,3233
Yahfoufa,53449,0.0,0,0,0,249
Aïn El-Beniyé,53465,0.0,0,0,0,611
Chaïbé,53469,0.0,0,0,0,2
Nabi Sbate,53471,0.0,0,0,0,25
Michaa Mrajhiné,54114,0.0,0,0,0,27
Kfar Kouk,55134,0.0,0,0,0,2190
Haouche El-Kannabé,55161,0.0,0,0,0,564
Deir El-Achayer,55187,0.0,0,0,0,646
Mazraet el-Selasata,55191,0.0,0,0,0,6
Héloua,55197,0.0,0,0,0,59
Jaziré,61411,0.0,0,0,0,81
Mazraat El-Wasta,61414,0.0,0,0,0,1344
Matriet El-Choumar,61415,0.0,0,0,0,530
Mohaidalé,61424,0.0,0,0,0,1
El-Zrariyé,61427,0.0,0,0,0,5923
Sari,61429,0.0,0,0,0,27
Deir Takla,61431,0.0,0,0,0,73
Mazraet Sinai,61437,0.0,0,0,0,899
Daoudiyé,61441,0.0,0,0,0,131
Kherbet El-Douair,61443,0.0,0,0,0,276
Kaakiet El-Senaoubar,61451,0.0,0,0,0,1610
Tibna,61456,0.0,0,0,0,6
Msaileh,61469,0.0,0,0,0,646
Arké,61479,0.0,0,0,0,763
Deir Kanoun Ras El Aïn,62179,0.0,0,0,0,4541
Jouaya,62211,0.0,0,0,0,7025
Debhalé,62212,0.0,0,0,0,1423
Mjadel,62214,0.0,0,0,0,2087
Mazraat Mechref,62215,0.0,0,0,0,1627
Aïtite,62217,0.0,0,0,0,3519
Ouadi Djilou,62218,0.0,0,0,0,1475
Bafliyé,62221,0.0,0,0,0,1035
Beiriche,62224,0.0,0,0,0,1545
El-Biyad,62226,0.0,0,0,0,924
Salha,62227,0.0,0,0,0,1652
Neffahiyé,62233,0.0,0,0,0,163
Mahroub,62234,0.0,0,0,0,2348
Recheknaniyeh,62236,0.0,0,0,0,698
Jennata,62237,0.0,0,0,0,889
Derdaghaya,62239,0.0,0,0,0,664
Aaiyé,62242,0.0,0,0,0,537
Aïn Baal,62243,0.0,0,0,0,5741
Hanawé,62247,0.0,0,0,0,2696
Bestiace,62249,0.0,0,0,0,134
Deir Kifa,62251,0.0,0,0,0,1955
Taïr-Dabba,62253,0.0,0,0,0,4204
Tairzibna,62254,0.0,0,0,0,5432
Arzoune,62256,0.0,0,0,0,605
Niha,62257,0.0,0,0,0,300
Remadiyeh,62259,0.0,0,0,0,1833
Chehour,62264,0.0,0,0,0,1594
Srifa,62266,0.0,0,0,0,3958
Kneissé,62267,0.0,0,0,0,861
El-Héloussiyé,62269,0.0,0,0,0,1244
Touaire,62273,0.0,0,0,0,42
Bidias,62274,0.0,0,0,0,1436
Jebel-El-Batm,62279,0.0,0,0,0,1226
Zebkine,62286,0.0,0,0,0,1215
El-Kleilé,62287,0.0,0,0,0,3678
Aïn Abou Abdallah,62291,0.0,0,0,0,4755
El Jbine,62292,0.0,0,0,0,370
El-Henniyé,62293,0.0,0,0,0,903
Izzié,62294,0.0,0,0,0,2264
Marouhine,62311,0.0,0,0,0,1629
Nakoura,62312,0.0,0,0,0,1788
Alma Chaab,62316,0.0,0,0,0,1312
Btaychiyé,62331,0.0,0,0,0,187
Mazraat Dhaira,62341,0.0,0,0,0,586
Mazraat Ez-Zalloutieh,62351,0.0,0,0,0,70
El-Kabeh,63117,0.0,0,0,0,4
Mazraat Dahr el-Deir,63257,0.0,0,0,0,16
Jensnaya,63261,0.0,0,0,0,425
Jernaya,63294,0.0,0,0,0,353
Akmata,63323,0.0,0,0,0,1
Katrani,63327,0.0,0,0,0,396
El-Louaizé,63331,0.0,0,0,0,73
Soujoud,63351,0.0,0,0,0,312
Mazraat El Ouazaaiyé,63359,0.0,0,0,0,8
El-Wadié,63363,0.0,0,0,0,1
El-Jarmak,63375,0.0,0,0,0,41
Mazraat Daraya,63378,0.0,0,0,0,21
El-Demachkiyeh,63379,0.0,0,0,0,27
Bouslaya,63385,0.0,0,0,0,103
Nabatiyé El-Tahta,71111,0.0,0,0,0,31285
Nabatiyé El-Faouka,71113,0.0,0,0,0,8161
Mazraet Kfar Jaouz,71117,0.0,0,0,0,2048
Zebdine,71122,0.0,0,0,0,6688
Choukine,71144,0.0,0,0,0,1634
Kfar Tebnite,71166,0.0,0,0,0,6156
El-Kfour,71177,0.0,0,0,0,2962
Kafra-Jbah,71211,0.0,0,0,0,3835
Aïn-Boussouar,71216,0.0,0,0,0,771
Aïn-Kana,71226,0.0,0,0,0,3069
Mazraat-el-Khreibé,71241,0.0,0,0,0,26
Hmaïla,71251,0.0,0,0,0,18
Arab Salim,71256,0.0,0,0,0,7429
Mazraet El-Bayad,71314,0.0,0,0,0,160
El-Charkiyé,71321,0.0,0,0,0,3610
Toule,71324,0.0,0,0,0,3741
Mazraet Chaal Baal,71341,0.0,0,0,0,35
Maifadoune,71344,0.0,0,0,0,6659
Adchite,71347,0.0,0,0,0,3694
Abba,71351,0.0,0,0,0,6283
Kafr Dajjal,71354,0.0,0,0,0,48
Zaoutar El-Gharbiyé,71364,0.0,0,0,0,1497
Zaoutar El-Charkiyé,71367,0.0,0,0,0,2931
El-Hamra,71371,0.0,0,0,0,3
Arnoune,71377,0.0,0,0,0,977
Mazraet Bsaffour,71386,0.0,0,0,0,27
Kefer Sir,71391,0.0,0,0,0,7591
Sir El-Gharbiyé,71397,0.0,0,0,0,4498
Bint Jbail,72111,0.0,0,0,0,9375
Maroune-el-Ras,72127,0.0,0,0,0,335
Aïtaroun,72151,0.0,0,0,0,4069
Yaroune,72159,0.0,0,0,0,2346
Aïta-el-Chaab,72183,0.0,0,0,0,2848
Ramié,72191,0.0,0,0,0,1069
Tibnine,72211,0.0,0,0,0,3340
Soultaniyé,72214,0.0,0,0,0,750
Safad-el-Battikh,72217,0.0,0,0,0,919
Jmeijmé,72221,0.0,0,0,0,1456
Aïta-el-Zut,72224,0.0,0,0,0,888
Baraachite,72227,0.0,0,0,0,1442
Chakra,72229,0.0,0,0,0,4390
Haddacé,72231,0.0,0,0,0,2145
Kherbet Salem,72234,0.0,0,0,0,1748
Beit Yahoune,72237,0.0,0,0,0,320
Harisse,72241,0.0,0,0,0,3538
Kfardounine,72247,0.0,0,0,0,2416
Kounine,72251,0.0,0,0,0,434
Kafra,72257,0.0,0,0,0,1466
Kalaouiyé,72261,0.0,0,0,0,775
Sarbine,72267,0.0,0,0,0,79
Rachafe,72271,0.0,0,0,0,41
Ghandouriyé,72274,0.0,0,0,0,650
Froune,72276,0.0,0,0,0,820
Yater,72277,0.0,0,0,0,1687
Hanine,72284,0.0,0,0,0,41
Beit Lif,72287,0.0,0,0,0,1879
Merjayoun,73111,0.0,0,0,0,3137
Blat,73135,0.0,0,0,0,455
El-Kherbeh,73146,0.0,0,0,0,423
EL-Khiam,73159,0.0,0,0,0,4115
Ain Aarab,73162,0.0,0,0,0,309
Mazraet el-Sarada,73175,0.0,0,0,0,228
Houra,73183,0.0,0,0,0,33
El-Amra,73191,0.0,0,0,0,5
Adeicé,73211,0.0,0,0,0,1129
Bani Haiyane,73226,0.0,0,0,0,120
Kfarkala,73228,0.0,0,0,0,2449
Deir Sériane,73230,0.0,0,0,0,339
Al-Taïbé,73232,0.0,0,0,0,2149
Houla,73234,0.0,0,0,0,1733
Talloussa,73244,0.0,0,0,0,283
Markaba,73245,0.0,0,0,0,843
Mhaïbib,73248,0.0,0,0,0,325
Meis El-Jabal,73250,0.0,0,0,0,1782
Adchite El-Koussair,73256,0.0,0,0,0,258
Rabb Salacine,73257,0.0,0,0,0,293
Kabrikha,73262,0.0,0,0,0,1109
Kantara,73276,0.0,0,0,0,68
Majdel Selm,73279,0.0,0,0,0,2356
Souané,73280,0.0,0,0,0,885
Touline,73282,0.0,0,0,0,1643
Rachaya El-Fokhar,74118,0.0,0,0,0,602
Kfar Hamame,74120,0.0,0,0,0,584
Chabaaa,74130,0.0,0,0,0,4959
Slaïyeb,74141,0.0,0,0,0,1085
Burghoz,74155,0.0,0,0,0,112
El- Mery,74158,0.0,0,0,0,1074
Nkhailé,74160,0.0,0,0,0,1565
El-Majidiyé,74177,0.0,0,0,0,74
Al-Dellafé,74179,0.0,0,0,0,11
El-Khreibé,74181,0.0,0,0,0,15
