adm3_name,ACS_Code,Mean annual hot days,Forest fire risk,Annual Dry Spell Length
Conflict,0,30.630139310815,8.0,1.26894056318685
Conflict,0,30.4095238095238,8.0,0.904761904761905
Conflict,0,30.5840795861781,8.0,1.5307007747144
Conflict,0,30.2002986267489,8.0,0.0
Conflict,0,35.8,9.0,0.0571428571428571
Conflict,0,29.7141175329106,8.0,0.0
Conflict,0,35.3985753814879,8.0,0.251798345015346
Conflict,0,32.6904761904762,9.0,0.0
Conflict,0,37.3388119701921,4.0,11.3415403266365
Conflict,0,21.952380952381,25.0,0.619047619047619
Conflict,0,29.352380952381,8.0,0.0
Conflict,0,26.1446208112875,24.0,4.07583774250441
Conflict,0,38.2571428571429,9.0,0.228571428571429
Conflict,0,28.67573763766,8.0,0.0
Conflict,0,30.7961655673283,8.0,0.0
Conflict,0,30.4285714285714,8.0,0.0
Conflict,0,35.1553884711779,7.0,0.641604010025063
Ain el-Mreisseh,10110,23.7366381781861,0.0,1.05741985989074
Ras Beyrouth,10150,23.5428571428571,0.0,0.990476190476191
Moussaytbeh,10210,24.0873015873016,25.5,1.19047619047619
Minet el-Hosn,10250,24.0711829370399,0.0,1.30051772621291
Mazraa,10310,24.5809523809524,25.5,1.71428571428571
Bachoura,10350,24.1910682378998,0.0,1.32834974783057
Zoukak el-Blatt,10410,24.0692391941522,0.0,1.2438362981527
Marfaa,10450,24.7243532189051,0.0,1.67498676140344
Saifeh,10510,24.6387780769839,0.0,1.52336204210924
Remeil,10550,24.91629264671,47.0,1.88201703140242
Medawar,10610,25.1269841269841,47.0,2.14285714285714
Achrafieh,10650,24.9047619047619,48.333333,2.00952380952381
Beirut Central District,10999,24.7142857142857,0.0,1.61904761904762
Chiyah,21111,24.6071428571429,25.5,2.29365079365079
Furn Ech-Chebbak,21133,24.6578442016142,48.333333,2.90415673953153
Haret Hreik,21144,25.0714285714286,51.0,2.88095238095238
Laylakeh,21166,25.5010503006727,62.0,3.55034479667672
Bourj El-Brajneh,21177,24.8730158730159,51.0,2.88095238095238
Tahouitat El Ghadir,21188,25.1269841269841,62.0,3.22222222222222
Baabda,21211,25.6746031746032,72.5,2.22619047619048
Hadath Beyrouth,21219,25.172619047619,62.0,3.10714285714286
Boutchay,21227,25.6871590324113,51.0,2.6824637541063
Merdache,21235,25.6718513202291,51.0,3.55778979227335
Louayzeh Baabda,21243,26.6344989576017,72.5,1.98745028025445
Kfar Chima,21251,25.4523809523809,62.0,3.44047619047619
Ouadi Chahrour Es-Soufla,21259,25.9761904761905,62.0,2.44047619047619
Ouadi Chahrour El Aaoulia,21267,26.6666666666667,62.0,2.5
Haret Es-Sit,21275,26.6463077140421,62.0,1.93618785326399
Bsaba Baabda,21283,25.4511526919102,62.0,2.29366572297212
Baalchmay,21311,28.3015873015873,62.0,0.19047619047619
Aain Mouaffaq,21314,28.0,51.0,0.476190476190476
Rouayssrt El-Ballout,21317,28.2748749428935,51.0,0.683521716525995
Mzairaa Baabda,21321,28.04201248713,51.0,0.932872257405001
Hlaliyeh Baabda,21324,28.8125436677366,51.0,0.801200002900755
Haret Hamzeh,21327,28.452380952381,62.0,0.928571428571429
Qtaleh Baabda,21331,28.9365079365079,51.0,0.904761904761905
Ras El-Href,21334,28.8333333333333,62.0,0.285714285714286
Deir Khouna,21337,28.1339668175893,51.0,1.10277101266151
Aabadiyeh,21341,28.8424908424908,72.666667,0.608058608058608
Qrayet Baabda,21344,29.2142857142857,62.0,0.238095238095238
Chmeisset Baabda,21347,28.8809523809524,51.0,1.0952380952381
Ras El Matn,21351,28.2724867724868,72.5,0.412698412698413
Chouit,21354,27.4920634920635,72.666667,0.904761904761905
Qobbayaa,21357,29.9166666666667,62.0,0.238095238095238
Qordata,21361,28.8253968253968,72.5,0.603174603174603
Qsaibeh Baabda,21364,28.4047619047619,72.5,0.535714285714286
Deir El-harf,21367,28.031746031746,51.0,0.0952380952380952
Aaraiya,21371,26.7380952380952,72.666667,1.49206349206349
Zandouqa,21374,28.1190476190476,72.5,0.666666666666667
Kneisset Baabda,21377,28.0,72.5,0.412698412698413
Aarbaniyeh,21381,27.5714285714286,72.5,0.476190476190476
Dlaybeh,21391,27.4047619047619,72.5,0.523809523809524
Salima Baabda,21394,27.4625850340136,72.5,0.238095238095238
Hasbaiya El-Matn,21397,26.8571428571429,72.5,0.30952380952381
Hammana,21411,29.5457875457875,43.0,0.032967032967033
Qalaat Baabda,21416,28.9672473751983,51.0,0.113779325563528
Khalouat Baabda,21421,28.3903953250186,51.0,0.0488563281200817
Chbaniyeh,21426,30.2142857142857,62.0,0.126984126984127
Khreibet Baabda,21431,29.8095238095238,51.0,0.238095238095238
Bmaryam,21436,29.4444444444444,51.0,0.603174603174603
Btekhnay,21441,28.5714285714286,51.0,0.171428571428571
Falougha,21446,27.9214285714286,28.0,0.00238095238095238
Btibyat,21451,28.6825396825397,51.0,0.333333333333333
Qornayel,21456,27.5311355311355,51.0,0.0476190476190476
Jouar El-Haouz,21461,27.2222222222222,72.5,0.0317460317460317
Bzebdine,21466,26.8571428571429,72.5,0.238095238095238
Arsoun,21471,27.6190476190476,51.0,0.19047619047619
Kfar Selouane,21476,26.6649029982363,50.0,0.00529100529100529
Tarchich,21481,25.5164835164835,50.0,0.00732600732600733
Jouret Arsoun,21487,27.8464869143731,51.0,0.114543462002782
Litige,22001,27.7619047619048,94.0,0.0
Litige,22002,26.2380952380952,94.0,0.0
Bourj Hammoud,22111,25.8214285714286,47.0,2.70238095238095
Sinn El-Fil,22155,24.9365079365079,48.333333,2.84126984126984
Jdaidet El-Matn,22211,28.3571428571429,94.0,2.5
Baouchriyeh,22228,27.4761904761905,94.0,2.75510204081633
Deir mar Roukoz,22245,26.9285714285714,94.0,1.94047619047619
Dekouaneh,22262,26.0714285714286,94.0,2.95238095238095
Mkalles,22279,25.8571428571429,72.5,2.5952380952381
Antelias,22311,28.4126984126984,94.0,2.23809523809524
Menqlet Mezher,22319,28.3164199150252,94.0,1.86336299225055
Jall Ed-Did,22327,28.6187834580097,94.0,2.56825877273118
Naqqach,22335,28.4285714285714,94.0,1.86904761904762
Aamaret Chalhoub,22343,28.6190476190476,94.0,3.0
Zalqa,22351,28.620271093098,94.0,2.63786904983072
Byaqout,22359,28.480893707913,94.0,1.75015892074401
Mazraat El-Hdaira,22367,28.3809523809524,94.0,1.30952380952381
Dbayeh,22375,28.6190476190476,94.0,2.38095238095238
Haret El-Ballane,22383,28.3571428571429,94.0,1.35714285714286
Mazraat Deir Aaoukar,22391,28.3809523809524,94.0,1.58256153892212
Mansouriyet El-Matn,22411,26.6507936507937,72.5,2.01587301587302
Daychouniyeh,22415,26.7142857142857,72.5,2.5
Fanar,22419,27.7936507936508,94.0,1.63492063492064
Aain Saadeh,22423,27.7380952380952,94.0,0.791666666666667
Roumieh,22427,28.1507936507936,94.0,0.753968253968254
Bqennaya,22431,28.4716152576134,94.0,1.7664578513043
Majzoub,22435,28.2380952380952,94.0,1.38095238095238
Bsalim,22439,28.1666666666667,94.0,1.0
Nabay,22443,27.3452380952381,94.0,0.607142857142857
Mtayleb,22447,28.3023880981844,94.0,0.78774875673206
Beit El-Kekko,22451,26.9289409821197,94.0,0.251157149176858
Qornet Chehouane,22455,27.3945578231292,94.0,0.428571428571429
Beit Ech-Chaar,22459,28.1666666666667,94.0,0.761904761904762
Dik El-Mehdi,22463,28.0083242126652,94.0,0.748491770734054
Zouk El-Kharab,22467,28.4166666666667,84.0,1.48809523809524
Aain Aar,22471,26.9831116264282,94.0,0.129201411485342
Mazraat Yachouaa,22475,27.2222222222222,94.0,0.476190476190476
Deir Tamich,22479,28.1942743203312,84.0,1.05633998452157
Zakrit,22483,27.2802612914331,94.0,0.946899798950131
Deir Mar Aabda el Mchammar,22487,27.6474686227905,84.0,1.41157350175908
Bikfaya,22511,26.9333333333333,94.0,0.019047619047619
Mhaidset Matn,22515,26.6190476190476,94.0,0.0
Ouadi Chahine,22519,26.8342378292801,94.0,0.110913993848644
Aain El-Qach,22523,26.0817589825134,94.0,0.0306483707714868
Mar Boutros Karm Et-Tine,22527,27.1827120790597,84.0,0.205521077914502
Beit Chabab,22531,27.1047619047619,84.0,0.180952380952381
Bhersaf,22535,27.1547619047619,94.0,0.0
Mayasseh,22539,26.6327062204557,84.0,0.278533579403289
Aain El-Kharroubeh,22543,25.7738890015936,94.0,0.0934786982965383
Himlaya,22547,25.015873015873,84.0,0.126984126984127
Aain Aalaq,22551,27.0714285714286,94.0,0.0952380952380952
Aatchaneh,22555,27.1428571428571,94.0,0.111111111111111
Chaouiyeh,22559,27.2857142857143,94.0,0.214285714285714
Aain Et-Teffaha,22563,24.8571428571429,94.0,0.0654251829984119
Sfeilet Bikfaya,22567,25.7814194089065,84.0,0.232615907515357
Fraikeh,22571,27.3727874553424,84.0,0.4459898994904
Abou Mizane,22575,24.873262581563,94.0,0.094259783226763
Deir Chamra,22579,24.8571428571429,84.0,0.126984126984127
Hbous,22583,27.1882473999511,94.0,0.253186862080989
Jouar El-Matn,22587,25.2380952380952,94.0,0.0317460317460317
Chrine,22591,25.0764349520729,94.0,0.0832502647960564
Qornet El-Hamra,22595,27.6031746031746,84.0,0.349206349206349
Broummana El-Matn,22611,27.5986394557823,72.5,0.244897959183673
Jouret El-Ballout,22619,26.9379176145514,94.0,0.233769699879177
Masqa,22627,28.2857142857143,72.5,0.404761904761905
Aayoun El-Matn,22635,28.2380952380952,72.5,0.476190476190476
Qennabet Broummana,22643,27.6666666666667,94.0,0.428571428571429
Mzakkeh,22651,27.2857142857143,94.0,0.126984126984127
Baabdat,22659,27.4489795918367,72.5,0.149659863945578
Beit Meri,22667,27.6825396825397,72.5,0.801587301587302
Dahr Es-Souane El-Matn,22675,27.4380952380952,94.0,0.0380952380952381
Qannebet Salima,22683,27.3531826461955,72.5,0.384666885268855
Bsifrine,22691,27.2460256641261,72.5,0.344570355297739
Mtain,22711,25.2649228705567,46.4,0.0127431254191818
Aain Ez-Zeitouneh,22714,25.3813097903384,94.0,0.0
Mchikha,22717,26.6442935369051,72.5,0.189195147469922
Khillet El-Mtain,22722,26.1904761904762,94.0,0.19047619047619
Bnabil,22724,25.4484875242937,94.0,0.0416331043501625
Aain es-Sofsaf El-Matn,22727,25.5043600869733,94.0,0.0
Ouata El-Mrouj,22731,25.3988560326777,94.0,0.0
Mrouj,22733,26.0238095238095,94.0,0.0
Marjaba,22734,25.5970713402093,94.0,0.0
Aain Es-Sindiane,22737,25.4803740815219,94.0,0.00911950706338725
Zaraaoun,22741,27.2619047619048,94.0,0.0
Qaaqour,22744,26.3015873015873,94.0,0.126984126984127
Khinchara,22747,25.3428571428571,94.0,0.019047619047619
Aintoura El-Matn,22751,24.8095238095238,72.5,0.0
Choueir,22754,25.6190476190476,94.0,0.0
Bteghrine,22757,25.2448979591837,94.0,0.0272108843537415
Douar El-Matn,22761,27.2797076095575,94.0,0.0
Chouaya El-Matn,22764,24.9285714285714,94.0,0.0
Aayroun,22767,26.8874728358637,94.0,0.0
Zighrine El-Matn,22771,25.2942508872734,94.0,0.0
Majdel tarchich,22774,24.9226190476191,72.5,0.0
Aain El-Qabu,22777,24.7301587301587,94.0,0.0317460317460317
Kfar Aaqab,22781,25.1547619047619,94.0,0.0238095238095238
Mar Moussa Ed-Douar,22784,27.031746031746,94.0,0.0
Machraah El-Matn,22787,25.7056558224783,94.0,0.0
Ouadi El-Karm El-Matn,22791,24.8095238095238,84.0,0.0
Zabbougha,22794,24.5952380952381,84.0,0.0476190476190476
Baskinta,22797,24.3958333333333,84.0,0.000992063492063492
Kfar Tay El-Matn,22799,24.4920634920635,84.0,0.0
Litige,23001,28.8095238095238,83.0,0.0317460317460317
Litige,23002,29.2222222222222,83.0,0.444444444444444
Litige,23003,26.2297273840286,83.0,2.47662283724091
Litige,23004,26.5238095238095,53.0,0.0
Litige,23005,19.3809523809524,93.0,0.666666666666667
Litige,23006,19.0615181065657,93.0,0.790860575325
Litige,23007,25.7490688450349,83.5,1.28327272874886
Damour,23111,20.7269841269841,83.0,2.25714285714286
Naameh,23141,21.5238095238095,83.0,2.29761904761905
Mechref,23171,20.7539682539683,83.0,1.78571428571429
Chhim,23211,19.987012987013,93.0,0.497835497835498
Mazboud,23215,19.2857142857143,93.0,0.638095238095238
Dalhoun,23219,18.7047619047619,93.0,0.714285714285714
Chammis Ech-Chouf,23223,18.4285714285714,93.0,0.73015873015873
Daraiya Ech-Chouf,23227,21.9107142857143,93.0,0.488095238095238
Ketermaya,23231,17.4952380952381,93.0,0.619047619047619
Maaniyeh,23235,17.547619047619,93.0,0.595238095238095
Ouadi Abou Youssef,23237,21.9633626173443,93.0,1.37121024856848
Aanout,23239,22.0,93.0,0.415584415584416
Sibline,23243,16.7678571428571,93.0,0.696428571428571
Bourjein,23247,20.1349206349206,93.0,0.722222222222222
Barja,23251,17.5502645502646,93.0,0.783068783068783
Bkechtine Ouel Mcheiaa,23253,21.9362452188137,93.0,0.840644497459849
Baassir,23255,18.2678571428571,93.0,0.851190476190476
Dibbiyeh,23259,20.3726708074534,93.0,0.975155279503106
Benouati Ech-Chouf,23263,22.678959744573,93.0,1.6874064949461
Jiyeh,23267,17.8928571428571,93.0,1.11111111111111
Jadra,23271,16.6857142857143,93.0,0.876190476190476
Chmaarine,23275,23.2363173864692,93.0,1.4814895856445
Dahr Ech-Chouf,23279,18.8730158730159,93.0,0.936507936507936
Aalmane Ech-Chouf,23311,16.2857142857143,71.5,0.761904761904762
Jmailiyeh,23316,16.4285714285714,93.0,0.714285714285714
Rmeilet Ech-Chouf,23321,16.3492063492063,71.5,0.714285714285714
Majdalouna,23326,16.9285714285714,93.0,0.714285714285714
Ouardaniyeh,23331,16.6746031746032,93.0,0.587301587301587
Joun,23336,17.5460317460317,72.333333,0.780952380952381
Mghairiyeh Ech-Chouf,23341,18.0,93.0,0.659863945578231
Deir El-Moukhalles Ech-Chouf,23346,20.2176870748299,83.5,0.857142857142857
Qreiaa,23351,19.7619047619048,93.0,0.746031746031746
Bkifa Ech-Chouf,23356,21.5952380952381,93.0,0.571428571428571
Mazmoura,23361,21.7556461546482,93.0,0.562084771082659
Mtolleh,23365,23.0634920634921,93.0,0.365079365079365
Mazraat Es-Dahr,23366,22.3412698412698,83.5,0.634920634920635
Khirbet Bisri,23371,22.952380952381,83.5,0.619047619047619
Jleiliyeh,23376,22.1190476190476,93.0,0.547619047619048
Zaarouriyeh,23381,21.9285714285714,93.0,0.535714285714286
Bsaba Ech-Chouf,23386,24.1825396825397,93.0,0.380952380952381
Beit Ed-Dine,23411,26.9404761904762,93.0,0.464285714285714
Deir El-Qamar,23413,26.2640692640693,93.0,0.497835497835498
Kfar Hamal,23415,26.7429529172598,93.0,0.559361342987134
Semqaniyeh,23417,27.5238095238095,93.0,0.285714285714286
Kfar Qatra,23419,27.8730158730159,93.0,0.666666666666667
Maasser Beit Ed-Dine,23421,27.8952380952381,93.0,0.380952380952381
Bchtfine,23423,25.7142857142857,83.0,2.0
Kneisset Ech-Chouf,23425,27.9657583236466,83.0,1.68259807473328
Aammiq Ech-Chouf,23427,28.1190476190476,83.0,2.59523809523809
Deir Koucheh,23429,26.6666666666667,83.0,1.77777777777778
Mazraat Ed-Douair,23431,27.9848980842338,93.0,1.50991697167509
Kfar Faqoud,23433,25.0952380952381,83.0,1.55555555555556
Deir Baba,23435,23.7142857142857,83.0,2.23809523809524
Sirjbal,23437,23.4285714285714,93.0,1.5
GHabet Jaafar,23438,24.2340928338189,93.0,0.826175890780373
Kfar Him,23439,22.7857142857143,93.0,1.26190476190476
Ouadi Ed-Deir,23441,23.4632000182371,93.0,1.36860714390001
Ouadi Es-Sitt,23443,28.2181815111643,93.0,1.51556030091112
Majdel El-Meouch,23445,28.452380952381,83.0,1.25396825396825
Dmit,23447,23.1587301587302,83.0,1.6984126984127
Faouarat Jaafar,23449,28.1912391623247,93.0,1.32533826679256
Biret Ech-Chouf,23451,28.1071428571429,83.0,0.535714285714286
Chourit,23453,28.8092651166992,83.0,1.1973711160058
Kfar hay,23454,28.7920288135161,83.0,1.40027837421692
Kfar Niss,23455,28.2380952380952,83.0,0.365079365079365
Bqaiaa Ech-Chouf,23457,21.5714285714286,93.0,1.9047619047619
Brih,23459,27.7142857142857,93.0,0.761904761904762
Moughayret Ech-Chouf,23461,20.5714285714286,93.0,2.26190476190476
Ouarhaniyeh,23463,27.984126984127,93.0,0.206349206349206
Fraudis Ech-Chouf,23467,28.7579365079365,53.0,0.0753968253968254
Aain Zhalta,23469,29.1174603174603,59.666667,0.0920634920634921
Baaqline,23511,24.1904761904762,93.0,0.523809523809524
Deir Dourit,23522,24.1746031746032,93.0,0.698412698412698
Aainbal,23533,24.7261904761905,93.0,0.595238095238095
Aathrine,23544,26.3571428571429,93.0,0.357142857142857
Ouadi bnehlay,23555,22.8095238095238,93.0,1.45238095238095
Gharifeh,23566,23.7875457875458,93.0,0.619047619047619
Jahliyeh,23577,22.6666666666667,93.0,0.990476190476191
Hasrout,23588,22.3428571428571,93.0,0.466666666666667
Moukhtara,23611,27.1428571428571,93.0,0.59047619047619
Botmeh,23615,27.0178571428571,93.0,0.357142857142857
Aain Qania,23619,27.0949134653832,93.0,0.58794830673376
Jdeidet Ech-Chouf,23623,27.3333333333333,93.0,0.380952380952381
Niha El-Chouf,23625,26.2967032967033,60.0,0.0311355311355311
Aain Ouzain,23627,27.2460317460317,93.0,0.26984126984127
Baadarane,23631,27.1991341991342,93.0,0.177489177489177
Khereibet Ech-Chouf,23635,27.025974025974,53.0,0.134199134199134
Aammatour,23639,26.2619047619048,83.5,1.14285714285714
Kahlouniet Ech-Chouf,23643,26.8452380952381,93.0,0.464285714285714
Haret Jandal,23647,27.1666666666667,93.0,0.452380952380952
Mazraat Ech-Chouf,23651,26.015037593985,83.5,0.543859649122807
Kfar Nabrakh,23655,27.8367346938776,93.0,0.554421768707483
Mristi,23659,27.0119047619048,53.0,0.0297619047619048
Batloun,23663,26.9727891156463,93.0,0.197278911564626
Maasser Ech-Chouf,23667,27.2914285714286,53.0,0.060952380952381
Jbaa Ech-Chouf,23671,27.037037037037,53.0,0.0529100529100529
Bater,23675,26.8503401360544,83.5,0.469387755102041
Barouk,23679,28.4567901234568,53.0,0.0617283950617284
Bayqoun,23687,25.6666666666667,93.0,0.321428571428571
Litige,24001,28.6183584875627,73.0,0.52298256602765
Litige,24002,27.9047619047619,73.0,0.476190476190476
Litige,24003,28.9466865841738,73.0,0.537146084662906
Litige,24004,29.0000277810345,73.0,0.523939168636963
Litige,24005,28.9911321254683,83.0,1.36670056936728
Litige,24006,28.9036855055051,83.0,1.36141421257698
Litige,24007,26.4108322502173,73.0,2.02167213764687
Litige,24008,25.5714285714286,73.0,0.333333333333333
Litige,24009,25.7800402223277,83.0,2.82527518229249
Choueifat El-Aamrousiyeh,24111,25.6845238095238,62.0,3.48809523809524
Choueifat El-Quoubbeh,24133,23.4387755102041,83.0,3.04761904761905
Choueifat El-Oumara,24155,24.9880952380952,62.0,3.34523809523809
Deir Qoubel,24177,24.7142857142857,73.0,2.34920634920635
Aaramoun Aaley,24211,23.1309523809524,83.0,1.58035714285714
Aain Drafil,24219,22.8928571428571,83.0,1.42857142857143
Sirhmoul,24227,24.8730158730159,73.0,1.19047619047619
Baaouerta,24235,21.5,83.0,1.17857142857143
Bchamoun,24243,24.5142857142857,73.0,1.68571428571429
Daqqoun,24251,23.0238095238095,73.0,1.02380952380952
Aain Aanoub,24259,25.1904761904762,62.0,1.40952380952381
Blaybel,24267,25.8289898900782,62.0,2.24867099667169
Houmal,24275,26.0466383434917,62.0,1.78716931302254
Bdadoun,24283,26.2380952380952,62.0,1.55555555555556
Bsous,24291,26.8253968253968,62.0,1.15873015873016
Aaley,24311,27.3809523809524,62.0,0.318681318681319
Kahhaleh,24313,26.8639299735872,62.0,1.02082254227619
Qmatiyeh,24315,26.4285714285714,73.0,0.714285714285714
Aain Er-Roummaneh Aaley,24317,27.428562715836,73.0,0.563524141591985
Bmakine,24319,26.1270652874006,73.0,0.527053195446358
Bkhichtay,24321,27.4285714285714,73.0,0.30952380952381
Ghaboune,24323,27.5396825396825,73.0,0.73015873015873
Aain Ej-Jdideh Aaley,24325,28.0238095238095,62.0,0.119047619047619
Behouara,24327,27.5352888173953,73.0,0.589385844830034
Aaytat,24329,25.6309523809524,62.0,1.19047619047619
Souq El-Gharb,24331,26.0380952380952,73.0,0.466666666666667
Taazaniyeh,24333,28.1984503590463,73.0,0.184389626342882
Rijmeh,24335,27.7619047619048,73.0,0.30952380952381
Keyfoun,24337,25.7619047619048,73.0,0.476190476190476
Chimlane,24339,25.1190476190476,73.0,0.428571428571429
Kfar Aamay,24341,27.8128980333063,73.0,0.760522363148739
Bayssour Aaley,24343,26.265306122449,73.0,0.619047619047619
Douair Er-Remmaneh,24345,27.9908812858447,73.0,1.48407255087953
Rouayssat En-Naamane,24347,28.1785714285714,73.0,0.273809523809524
Mejdlaiya,24349,26.3492063492064,73.0,1.25396825396825
Aaynab,24351,25.1142857142857,73.0,0.457142857142857
Chartoun,24353,27.952380952381,73.0,0.797619047619048
Bou Zrideh,24355,27.5543559116969,73.0,1.37874691631695
Dfoun,24357,25.3095238095238,73.0,0.738095238095238
Richmaiya,24359,28.5185185185185,83.0,1.10582010582011
Aain Traz,24361,28.0952380952381,83.0,1.3015873015873
Selfaya,24363,26.7142857142857,83.0,2.64285714285714
Aaley Bsatine,24365,24.3571428571429,73.0,0.833333333333333
Rimhala,24367,25.6666666666667,73.0,1.15079365079365
Binnay,24369,25.75,73.0,1.4047619047619
Aain Ksour,24371,25.3492063492064,73.0,0.587301587301587
Jisr El Qadi,24373,26.0235107192711,83.0,2.84107079703293
Aabey,24375,24.1587301587302,73.0,0.761904761904762
Kfar Matta,24377,23.546485260771,83.0,1.59863945578231
Bhamdoun El-Mhatta,24411,28.7142857142857,62.0,0.0952380952380952
Bhamdoun Ed-Dayaa,24414,29.172619047619,62.0,0.0952380952380952
Chanay,24417,29.4285714285714,73.0,0.0952380952380952
Btalloun,24421,27.952380952381,73.0,0.206349206349206
Majdel Baana,24424,29.7285714285714,73.0,0.185714285714286
Saoufar,24427,29.8571428571429,62.0,0.0380952380952381
Aain El Halazoun,24431,29.2848471264118,73.0,0.589040731272111
Bedghan Oua Ouadi Bedghan,24434,29.7904761904762,73.0,0.104761904761905
Homs Oua Hama,24437,30.1904761904762,73.0,0.761904761904762
Mansouriyet Bhamdoun,24441,28.3492063492064,73.0,0.111111111111111
Mchekhti,24443,29.6413649888491,83.0,0.170059298729141
Charoun,24444,29.956043956044,62.0,0.19047619047619
Btater,24447,28.4126984126984,73.0,0.219047619047619
Ighmid,24451,29.5119047619048,83.0,0.30952380952381
Aazouniyeh,24454,30.452380952381,62.0,0.0952380952380952
Mcherfeh,24457,29.5714285714286,73.0,0.547619047619048
Habramoun,24461,28.9041329219996,73.0,1.33513163476699
Bserrine,24464,29.0105943224388,73.0,1.1087716405076
Ramlieh,24467,28.4666666666667,83.0,0.647619047619048
Maasrati,24471,29.0597323703361,83.0,1.24360163717137
Mazraat En-Nahr Aaley,24474,28.9043227576688,83.0,1.46556590155571
Aain Dara,24477,29.7719298245614,43.0,0.0363408521303258
Mrayjat Aaley,24481,29.6507936507936,83.0,0.349206349206349
Bmahray,24484,29.5952380952381,46.0,0.0857142857142857
Litige,25001,25.1005291005291,83.0,0.0
Litige,25002,24.6266666666667,41.0,0.0
Litige,25003,26.1138770172935,74.0,0.0
Jounieh Sarba,25111,28.2619047619048,74.0,1.42857142857143
Zouk Mkayel,25116,28.3537414965986,74.0,1.17687074829932
Jounie Ghadir,25121,28.0,74.0,0.738095238095238
Zouk Mousbeh,25126,28.4920634920635,84.0,1.20634920634921
Jounie Haret Sakhr,25131,28.015873015873,74.0,1.34920634920635
Sahel Aalma,25136,27.8730158730159,74.0,0.80952380952381
Ouata Sillam,25141,28.0952380952381,74.0,0.928571428571429
Kfar Yassine,25146,28.076640751378,74.0,0.942284962229479
Tabarja,25151,28.0560864263975,74.0,0.635117801559353
Adma Oua Dafine,25156,27.7380952380952,74.0,0.333333333333333
Safra Kesrouane,25161,28.031746031746,74.0,0.555555555555556
Bouar,25166,27.7460317460317,74.0,0.396825396825397
Aaqaibeh Kesrouane,25171,27.5983418919025,74.0,0.504263606878156
Bqaq Ed-Dine,25176,27.6190476190476,83.0,0.476190476190476
Kharayeb Nahr Ibrahim,25181,26.6143462671281,83.0,0.294998737235317
Aajaltoun,25211,26.2034632034632,84.0,0.0562770562770563
Balloune,25221,27.4206349206349,84.0,0.19047619047619
Shayleh Kesrouane,25231,27.8095238095238,74.0,0.0952380952380952
Daraiya Kesrouane,25241,25.1428571428571,84.0,0.0952380952380952
Aain Er-Rihane,25251,28.0238095238095,74.0,0.571428571428571
Jaaita,25261,27.9714285714286,84.0,0.742857142857143
Aintoura Kesrouane,25271,27.9192520368168,74.0,0.68114021077808
Mazraat Er-Ras,25281,27.7619047619048,84.0,0.595238095238095
Ghazir,25311,27.0680272108844,74.0,0.380952380952381
Bourj El-Ftouh,25313,26.4190476190476,74.0,0.019047619047619
Chnanaair,25315,27.3333333333333,74.0,0.380952380952381
Jdaidet Ghazir,25317,25.0401350273763,74.0,0.0
Ghosta,25319,26.2619047619048,74.0,0.0
Maarab,25321,25.7184537574837,74.0,0.000789410702147919
Dlebta,25323,25.3142857142857,74.0,0.0
Batha,25325,27.6416281722188,74.0,0.0825876357361953
Aaramoun Kesrouane,25327,24.8095238095238,74.0,0.0
Kfour Kesrouane,25329,25.247619047619,74.0,0.0
Ghidras,25331,25.4761904761905,74.0,0.00952380952380952
Harharaya,25333,25.0238095238095,74.0,0.0
Deir Baqlouch,25335,27.7832073987511,74.0,0.180356592983412
Bzoummar,25337,25.8333333333333,74.0,0.0
Harissa Kesrouane,25339,28.0,74.0,0.217170746027987
Nammoura Kesrouane,25341,26.4952380952381,74.0,0.0952380952380952
Ghineh,25343,24.8412698412698,74.0,0.0
Hsayn,25345,24.7574573523794,74.0,0.0
Daraaoun,25347,27.8730158730159,74.0,0.214285714285714
Hayata,25349,24.2738095238095,74.0,0.0
Chahtoul,25351,23.797619047619,74.0,0.0
Zaaitreh,25353,24.9955124201022,74.0,0.000304123398611079
Jouret E-Tourmos,25355,24.4920634920635,74.0,0.0
Maaysra Kesrouane,25357,25.8761904761905,74.0,0.0761904761904762
Jouret Mhad,25359,23.6930223905912,74.0,0.0
Aazra ouel Aazr,25361,25.0238095238095,74.0,0.0
Ghbaleh Kesrouane,25363,24.0952380952381,74.0,0.0
Jouret Bedrane,25365,24.3333333333333,74.0,0.0
Mradiyeh,25367,24.5952380952381,74.0,0.0
Bizhel,25369,25.2380952380952,83.0,0.0666666666666667
Nahr Ed-Dahab,25371,23.9047619047619,83.0,0.0
Yahchouch,25373,24.0357142857143,83.0,0.0178571428571429
Zaitoun,25375,26.1428571428571,74.0,0.19047619047619
Ighbeh,25391,24.5,74.0,0.0
Rayfoun,25411,24.5873015873016,74.0,0.0
Qleiaat Kesrouane,25415,24.4642857142857,84.0,0.0238095238095238
Mazraat Mrah El-Mir,25419,24.6748820513591,74.0,0.0120670452350354
Aachqout,25423,24.6462585034014,74.0,0.0
Faytroun,25427,23.7359307359307,74.0,0.0
Beqaata Aachqout,25431,23.7809523809524,74.0,0.0
Raachine,25435,24.0884353741497,74.0,0.0
Kfar Dibiane,25439,24.1001221001221,84.0,0.0
Beqaata Kanaan,25443,24.4404761904762,84.0,0.0
Kfar Tay Kesrouane,25447,24.6904761904762,84.0,0.0
Bqaatouta,25451,23.989417989418,84.0,0.0
Ouata El-Jaouz,25455,23.5974025974026,74.0,0.0
Mayrouba,25459,23.8428571428571,83.0,0.0
Aain Ed-Delbeh Kesrouane,25463,23.8095238095238,74.0,0.0
Mghayer,25467,23.8095238095238,74.0,0.0
Hrajel,25471,24.0576441102757,83.0,0.0
Faraya,25475,23.9404761904762,74.0,0.0
Chouane,25479,24.1428571428571,83.0,0.0396825396825397
Mchaa Kfar Dibiane,25482,24.8820346320346,58.666667,0.0
Mchaa Faraya,25485,24.2600732600733,74.0,0.0
Mchaa El Ftouh,25488,25.1063122923588,58.0,0.0
Litige,26001,23.9905800470508,92.0,0.0
Litige,26002,24.3808707509513,92.0,0.0
Litige,26003,24.6118548061535,92.0,0.08545528608876
Litige,26004,24.4948855685635,92.0,0.0952380952380952
Litige,26005,25.9003350582441,92.0,0.0662643333898266
Litige,26006,25.4285714285714,92.0,0.0
Litige,26007,25.5595238095238,83.0,0.0
Litige,26008,25.0834365052569,83.0,0.0
Litige,26009,24.5182801284798,92.0,0.0
Jbayl,26111,27.2761904761905,92.0,0.238095238095238
Mastita,26117,26.8809523809524,92.0,0.357142857142857
Qartaboun,26123,27.0364129940768,92.0,0.298602779076545
Blat Jbeil,26129,25.6952380952381,92.0,0.0238095238095238
Eddeh Jbayl,26135,25.9285714285714,92.0,0.00793650793650794
Aamchit,26141,27.7559523809524,92.0,0.0714285714285714
Halate,26147,26.3452380952381,83.0,0.146825396825397
Hasrayel,26153,26.2380952380952,92.0,0.0
Rihanet Jbayl,26159,28.019895212768,92.0,0.0380416603302385
Jeoddayel Jbayl,26165,27.4715614659497,92.0,0.0116301735188144
Nahr Ibrahim,26171,27.6666666666667,83.0,0.587301587301587
Mounsef,26177,27.7460317460317,92.0,0.0158730158730159
Berbara Jbayl,26183,27.3238095238095,92.0,0.00952380952380952
Kfar Kiddeh,26189,27.1666666666667,92.0,0.0
Ehmej,26211,24.3630952380952,92.0,0.0
Aalmat Ech-Chamliyeh,26212,23.8380952380952,92.0,0.0
Mazraat El-Maaden,26213,23.8333333333333,92.0,0.0
Aalmat Ej-Jnoubiyeh,26214,24.2585034013605,92.0,0.0
Tourzaiya,26215,24.047619047619,92.0,0.0
Ferhet,26217,24.1666666666667,92.0,0.0
Michmich Jbayl,26218,23.8020050125313,92.0,0.0
Aalita,26219,24.981777387965,92.0,0.0
Souanet Jbayl,26220,24.129439281633,92.0,0.0
Aain Ed-Delbeh Jbayl,26221,24.3215655287851,92.0,0.0
Frat,26223,24.2857142857143,83.0,0.0
Kfar Baal,26224,24.0,92.0,0.0
Hjoula,26226,24.0793650793651,92.0,0.0
Aain Jrain,26227,24.6666666666667,83.0,0.0158730158730159
Hsoun,26229,24.047619047619,92.0,0.0
Mchaneh,26231,24.0,83.0,0.0
Lehfed,26233,23.8730158730159,92.0,0.0
Habil,26234,24.2338376666879,92.0,0.0
Jouret El-Qattine,26236,24.0947487695472,92.0,0.0
Birket Hjoula,26237,24.3968253968254,92.0,0.0
Adonis Jbayl,26239,24.1587301587302,83.0,0.0634920634920635
Ras Osta,26241,24.1746031746032,92.0,0.0
Bichtlida,26243,24.4444444444444,92.0,0.0
Bchille Jbayl,26244,24.984126984127,92.0,0.0
Zibdine Jbayl,26246,24.9761904761905,92.0,0.0
Haqel,26247,24.2857142857143,92.0,0.0
Kharbet Jbayl,26249,24.3333333333333,82.0,0.0
Qottara Jbayl,26251,24.015873015873,82.0,0.0
Brayj Jbayl,26253,24.8251180898242,92.0,0.0
Sebrine,26254,24.7857142857143,92.0,0.0
Aabaydat,26256,24.7619047619048,92.0,0.0
Mayfouq,26257,24.0357142857143,82.0,0.0
Behdaydat,26259,24.452380952381,92.0,0.0
Ramout,26261,24.862813462979,92.0,0.0
Saqiet El-Khayt,26263,24.8077384835133,92.0,0.0
Kfar Qouas,26264,24.8660011188315,92.0,0.0
Fatre,26266,24.7904761904762,83.0,0.0
Kfoun,26267,24.8333333333333,92.0,0.0
Bintaael,26269,24.847619047619,92.0,0.0
Beit Habbaq,26271,24.7781190026227,92.0,0.0
Kafr,26273,24.8571428571429,92.0,0.0
Jlisseh,26274,24.903168836658,92.0,0.0
Bejjeh,26276,24.9126984126984,82.0,0.0
Ghalboun,26277,24.8852270226291,92.0,0.0
Chamate,26279,24.862870443408,92.0,0.0
Hbaline,26281,25.1190476190476,92.0,0.0
Bmehrayn,26283,25.1666666666667,92.0,0.0
Hboub,26284,25.4920634920635,92.0,0.0
Hsarat,26286,25.031746031746,92.0,0.0
Kfar Mashoun,26287,25.6031746031746,92.0,0.0
Aain Kfaa,26289,24.968253968254,82.0,0.0
Ghofrine,26291,25.9285714285714,92.0,0.0
Maad,26293,25.1619047619048,82.0,0.0
Gharzouz,26294,25.7936507936508,92.0,0.0
Chikhane,26295,27.0833333333333,92.0,0.0
Chmout,26296,26.1336261125497,92.0,0.0
Bekhaaz,26297,26.0238095238095,92.0,0.0
Fghal,26298,26.4047619047619,82.0,0.0
Bayzoun,26299,24.1428571428571,92.0,0.0
Qartaba,26311,24.5396825396825,92.0,0.00793650793650794
Mar Sarkis,26314,25.3809523809524,92.0,0.0
Aain El-Ghouaybeh,26317,25.3989758996089,92.0,0.0548318184315871
Mazraat Es Siyad,26321,25.2207792207792,92.0,0.0
Hdeine,26324,25.5176516394865,92.0,0.0516255420255161
Janneh,26327,24.4481075600353,92.0,0.0746027424210612
Lassa,26331,24.7359307359307,83.0,0.0173160173160173
Seraaiita,26334,25.4285714285714,92.0,0.0634920634920635
Ghabat,26337,25.4839879816804,92.0,0.00957563233277846
Mghayreh Jbeil,26341,25.1587301587302,92.0,0.0
Tadmor,26344,25.3809523809524,92.0,0.0
Yanouh Jbayl,26347,25.5714285714286,92.0,0.0238095238095238
Qorqraiya,26351,24.3619047619048,83.0,0.019047619047619
Boulhos,26354,24.2380952380952,92.0,0.0
Majdel El-Aqoura,26357,25.6169772256729,83.0,0.0020703933747412
Laqlouq,26361,25.3809523809524,92.0,0.0
Afqa Jbayl,26364,25.2321428571429,83.0,0.0
Qahmez,26367,24.2549019607843,83.0,0.0
Aaqoura,26371,24.6689655172414,61.5,0.0
Aarab El-Lahib,26374,24.9678407610726,82.0,0.0
Saqi Richmaya,26377,23.9761904761905,92.0,0.0
Jaj,26381,24.4126984126984,92.0,0.0
Tartij,26384,24.9439775910364,82.0,0.0
Hema Mar Maroun Aannaya,26388,24.9900092125311,92.0,0.0
Hema Er-Rehban,26390,25.3725683709354,92.0,0.0
Aarasta,26392,25.9789417085591,92.0,0.0716217660194131
Trablous Ez-Zeitoun,31111,31.3873015873016,31.5,0.876190476190476
"Trablous El-Haddadine, El-Hadid, El-Mharta",31116,33.2437576729146,1.0,0.712587096259028
Trablous Et-Tell,31121,33.2273511885084,1.0,0.783728386576609
Trablous En-Nouri,31126,33.1209533781527,1.0,0.80309498879515
Trablous El Mhatra,31131,32.816120694942,1.0,0.817746763889575
Trablous Er-Remmaneh,31136,32.9047619047619,1.0,0.857142857142857
Trablous Es-Souayqa,31141,32.7306944170868,1.0,0.779779529287233
Trablous El Hadid,31146,32.9047619047619,1.0,0.857142857142857
Trablous El-Qobbe,31151,32.1909594132832,1.0,0.789913462008042
Trablous Ez-Zahrieh,31156,32.9085855946649,1.0,0.856186934667096
Trablous et Tabbaneh,31161,32.9156702272767,1.0,0.894643063780506
Trablous jardins,31166,33.5515873015873,31.666667,0.76984126984127
Mina N:1,31171,33.7290291162796,1.0,0.354217283970864
Mina N:2,31176,34.0549923277278,1.0,0.276532325182642
Mina N:3,31181,34.1372164816819,1.0,0.251564167264801
Mina Jardin,31186,33.0952380952381,1.0,0.416666666666667
Qalamoun,31221,32.3928571428571,21.0,0.130952380952381
Amioun,32111,27.0582010582011,41.0,0.0396825396825397
Kfar Aaqqa,32113,27.1972789115646,41.0,0.142857142857143
Kfar Saroun El-Koura,32115,26.9829916618503,41.0,0.132568592327892
Bechmizzine,32117,27.3511904761905,41.0,0.0178571428571429
Bterram,32119,27.6428571428571,41.0,0.0833333333333333
Bziza,32121,26.6587301587302,44.0,0.0714285714285714
Kfar Hazir,32123,28.9391534391534,56.5,0.0
Bsarma,32125,27.952380952381,36.0,0.333333333333333
Aafsdiq,32127,27.6825396825397,41.0,0.0
Dar Chmizzine,32129,27.5952380952381,41.0,0.0
Dar Baaechtar,32131,27.0238095238095,41.0,0.0238095238095238
Bhabbouch El-Koura,32133,26.0238095238095,30.0,0.0952380952380952
Ain Aakrine,32135,26.072018846708,41.0,0.0290198477121784
Kousba,32137,26.347619047619,36.0,0.166666666666667
Rechdibbine,32139,25.9285714285714,30.333333,0.0634920634920635
Bnehran,32141,25.952380952381,30.0,0.0158730158730159
Aaba,32143,28.1428571428571,41.0,0.142857142857143
Bdebba,32145,27.7175808289131,41.0,0.0451560982088463
Fiaa,32147,28.7619047619048,41.0,0.0
Majdel el-Koura,32149,26.8201058201058,56.5,0.00529100529100529
Kaftoun,32151,26.9523809523809,56.5,0.0
Btaaboura,32153,27.3095238095238,41.0,0.0357142857142857
Kfar Hata El-Koura,32155,26.9259259259259,56.5,0.0
Ijdaabrine,32157,25.8888888888889,56.5,0.0
Batroumine,32159,27.5952380952381,41.0,0.0
Badbhoun,32161,30.1507936507936,56.5,0.0158730158730159
Barghoun,32163,30.2142857142857,56.5,0.0
Bednayel El-Koura,32165,28.1904761904762,41.0,0.0
Kfar Kahel,32167,28.2222222222222,36.0,0.492063492063492
Btouratij,32169,28.3214285714286,41.0,0.357142857142857
Qalhat,32171,30.1224489795918,41.0,0.0
Deir El-Balamand,32173,30.4761904761905,21.0,0.0158730158730159
Zakroun,32175,31.6666666666667,41.0,0.0238095238095238
Kafraya El-Koura,32177,27.8095238095238,56.5,0.0
Deddeh,32179,30.4179894179894,21.0,0.0476190476190476
Enfeh,32181,33.3095238095238,56.5,0.0476190476190476
Hraiche,32183,31.9931972789116,21.0,0.0816326530612245
Ras Masqa,32185,31.7714285714286,21.0,0.414285714285714
Barsa,32187,28.9142857142857,41.0,0.247619047619048
Bkeftine,32189,29.8285714285714,24.333333,0.866666666666667
Nakhleh,32191,27.8190476190476,41.0,0.171428571428571
Bqaiaa El-Koura,32193,28.8662813966566,36.0,0.691898592494547
Zgharta El-Mtaouile,32195,25.7380952380952,44.0,0.0
Zgharta,33111,29.0666666666667,31.0,1.68571428571429
Aardat,33113,28.7301587301587,16.0,1.3968253968254
Kfardlaqous,33115,28.797619047619,31.0,2.17857142857143
Rachaaine,33117,27.0,42.0,2.57142857142857
Qarah Bach,33119,29.1643253627026,31.0,1.80979447533035
Kfarhata Zgharta,33121,29.0793650793651,31.0,1.95238095238095
Arde,33123,26.5132275132275,31.0,1.87830687830688
Asnoun,33125,29.1708119505709,31.0,1.61840578657628
Mazraat Ajbeaa,33127,29.5233622412836,31.0,1.35255464302969
Mejdlaiya Zgharta,33129,29.5604395604396,28.333333,1.08791208791209
Hariq Zgharta,33131,28.1587301587302,42.0,1.95238095238095
Aalma,33133,27.0238095238095,31.0,1.12857142857143
Mazraat Jnaid,33135,29.0445637461367,31.0,1.63820711004115
Deir Jdeide,33137,28.4126984126984,31.0,1.57142857142857
Khaldiyeh,33139,28.3029400802182,31.0,1.8241497838014
Iaal,33141,27.4666666666667,31.0,1.63809523809524
Kfarhoura,33143,29.2857142857143,24.333333,1.04761904761905
Kfarzaina,33145,28.9642857142857,31.0,1.23809523809524
Kfarchakhna,33147,28.3452380952381,36.0,0.738095238095238
Bsebaal,33149,28.2392432613416,31.0,0.84357397496465
Sakhra,33151,26.8212428344948,42.0,1.46197578481073
Houakir,33152,26.3784137536577,42.0,1.14062330097766
Kfaryachit,33153,27.9404761904762,31.0,1.1547619047619
Morh Kfarsghab,33155,26.5833333333333,31.0,0.976190476190476
Bchannine,33157,28.0,36.0,0.619047619047619
Bnechaai,33159,26.352380952381,31.0,0.647619047619048
Aarjis,33161,27.1111111111111,31.0,0.698412698412698
Daraiya Zgharta,33163,27.3333333333333,36.0,0.535714285714286
Kfarfou,33165,26.1428571428571,31.0,0.476190476190476
Ras Kifa,33167,26.2190476190476,36.0,0.39047619047619
Karm Saddeh,33169,26.015873015873,30.333333,0.137566137566138
Tallet Zgharta,33171,29.768167198174,31.0,1.28571428571429
Ehden,33211,25.6975546975547,34.333333,0.0
Beslouqit,33215,25.1111111111111,31.0,0.0
Aintourine,33219,26.3388399976512,31.0,0.00466599793588316
Kfarsghab,33223,25.8730158730159,25.0,0.0
Aarbet Qozhaiya,33227,26.2761904761905,25.0,0.0380952380952381
Toula Zgharta,33231,25.1836734693878,42.0,0.0272108843537415
Mazraat Et-Teffah,33235,25.7857142857143,31.0,0.0714285714285714
Bhairet Toula,33239,25.4418832751316,42.0,0.0036975876135447
Ayto,33243,26.1212121212121,31.0,0.0735930735930736
Miziara,33251,26.156462585034,42.0,0.27891156462585
Seraal,33255,25.9904761904762,25.0,0.142857142857143
Sebaal Zgharta,33259,26.1904761904762,31.0,0.25
Danha,33263,26.0357142857143,42.0,2.5
Aachach,33267,25.2142857142857,42.0,2.1031746031746
Miriata,33271,25.4761904761905,31.0,1.45238095238095
Hailan,33275,24.3333333333333,42.0,1.74603174603175
Boussit,33279,25.7551020408163,42.0,0.333333333333333
Mzraat Kefraya,33283,24.9047619047619,42.0,1.67857142857143
Hraiqis,33287,25.4761904761905,42.0,0.857142857142857
Ijbaa,33291,26.047619047619,31.0,0.0
Litige,34001,26.2649091225779,56.5,0.0342121053777171
Litige,34002,24.8571428571429,72.0,0.0
Batroun,34111,27.968253968254,72.0,0.0
Rachana,34122,27.0238095238095,82.0,0.0
Thoum,34133,27.3571428571429,82.0,0.0
Kfar Aabida,34144,27.6785714285714,72.0,0.0119047619047619
Koubba,34155,28.4285714285714,72.0,0.0
Selaata,34166,29.1475793499904,72.0,0.0
Heri,34177,29.3174603174603,56.5,0.0634920634920635
Chikka,34188,31.6613756613757,56.5,0.0582010582010582
Dahr Abi Yaghi,34211,24.6989696070086,82.0,0.0
Toula El-Batroun,34212,24.6031746031746,82.0,0.0
Masrah,34214,24.6904761904762,82.0,0.0
Daraya El-Batroun,34215,24.7254714447247,72.0,0.0
AAbdelli,34217,24.8333333333333,72.0,0.0
Douq,34218,24.5238095238095,72.0,0.0
Jrabta El-Batroun,34219,25.1587301587302,82.0,0.0
Chibtine,34221,24.6560846560847,72.0,0.0
Deir Kfifane,34223,25.2857142857143,72.0,0.0
Sghar,34224,25.1587301587302,82.0,0.0
Mar Mama,34226,24.4003879429357,82.0,0.0
Deir Mar Youssef Jrabta,34227,25.2236963981124,72.0,0.0
Mrah Ez Ziyat,34229,25.1607693476663,72.0,0.0
Ghouma,34231,25.7301587301587,82.0,0.0
Kfifane,34233,25.3333333333333,72.0,0.0
Jrane El-Batroun,34234,24.9285714285714,72.0,0.0
Mehmarch,34236,24.1428571428571,82.0,0.0
Aalali,34237,24.3492063492063,72.0,0.0
Smar Jbayl,34239,26.2261904761905,72.0,0.0
Kfar Hatna,34241,24.6904761904762,72.0,0.0
Zaneh,34243,24.5238095238095,72.0,0.0
Ftahat El-Batroun,34244,24.7220544766115,72.0,0.0
Kour,34246,25.7047619047619,72.0,0.0
Racha,34247,24.1746031746032,82.0,0.0
Basbina,34249,26.0571428571429,72.0,0.0
Aartiz,34251,24.763123573901,72.0,0.0
Harbouna,34253,25.0696657624075,72.0,0.0
Mrah El-Hajj,34254,24.8733354818138,72.0,0.0
Mrah Chdid,34256,26.4047619047619,72.0,0.0
Kfarb Shlaimane,34257,25.5,72.0,0.0
Edde El-Batroun,34259,26.352380952381,72.0,0.0
Sourat El-Batroun,34261,25.2190476190476,72.0,0.0
Assia,34263,24.7912087912088,72.0,0.0
Bijdarfil,34264,25.552380952381,72.0,0.0
Ijdabra,34266,26.3095238095238,72.0,0.0
Helta,34267,26.0952380952381,72.0,0.0
Aabrine,34269,26.25,72.0,0.0
Kfar Hay,34271,25.7891156462585,56.5,0.0
Nahleh El-Batroun,34273,24.5597752223921,72.0,0.0
Jebla,34274,26.2857142857143,56.5,0.0
Rachkida,34276,25.9904761904762,56.5,0.0
Boqsmaiya,34277,26.2539682539683,56.5,0.0158730158730159
Daael,34279,25.9206349206349,56.5,0.0
Kfar Khollos,34281,27.4285714285714,72.0,0.0
Qatnaaoun,34283,27.0952380952381,72.0,0.0
Ras Nahhach,34284,26.6190476190476,56.5,0.0
Ouajh El-Hajjar,34286,29.25,72.0,0.0
Hamat,34287,28.9183673469388,56.5,0.0
Douma,34311,25.3779761904762,82.0,0.0
Bcheaali,34316,24.984126984127,82.0,0.0
Beit Chlala,34321,25.3809523809524,72.0,0.0
Deir Mar Youhanna EL-Batroun,34326,25.260594363885,72.0,0.0
Bechtoudar,34331,25.2244897959184,56.5,0.0
Kfar Hilda,34336,25.2738095238095,72.0,0.0
Kfour El-Aarbi,34341,26.015873015873,45.5,0.0
Ram El-Batroun,34346,23.952380952381,82.0,0.0
Hadtoun,34351,24.0793650793651,82.0,0.0
Tannourine Et-Tahta,34356,26.3150183150183,45.5,0.0
Hardine,34361,25.7579365079365,44.0,0.0
Chatine,34366,25.8452380952381,82.0,0.0
Beit Kassab,34371,25.7092970495765,44.0,0.0
Deir Billa,34374,25.2936507936508,44.0,0.0
Niha El-Batroun,34376,25.9920634920635,45.5,0.0
Ouata Houb,34381,25.9047619047619,72.0,0.0
Tannourine El-Faouqa,34386,25.0035842293907,47.75,0.0
Litige,35001,21.7755536344514,142.0,9.68469936077501
Litige,35002,23.7767857142857,142.0,0.0297619047619048
Litige,35003,25.2895853621105,142.0,0.051490124015257
Halba,35111,24.8174603174603,142.0,9.02380952380952
Cheikh Mohammad,35113,24.7520021849838,142.0,8.67047496339705
Nfisseh,35115,24.6196020012073,142.0,7.1920648503386
Idbil,35117,24.7857142857143,142.0,6.26190476190476
Kroum El-Aarab,35119,24.7619047619048,142.0,7.02380952380952
Cheikh Taba Es-Sahl,35121,25.3809523809524,142.0,9.71428571428572
Cheikh Taba,35123,24.8809523809524,142.0,6.69047619047619
Jdidet Ej-Joumeh,35125,25.6621301015587,142.0,9.06908273498342
Daouret Aakkar,35126,25.8869047619048,142.0,2.74404761904762
Zouarib,35127,24.9761904761905,142.0,7.54761904761905
Majdel Akkar,35128,25.1142857142857,142.0,4.71428571428571
Minyara,35129,25.6904761904762,142.0,8.11904761904762
Hakour,35131,26.0281610178693,142.0,7.14979531943564
Karm Aasfour,35133,25.3796059477901,142.0,7.01267881845908
Mazraat Beit Ghattas,35134,25.6275439060181,142.0,7.27267336549811
Qantarat Aakkar,35135,25.5238095238095,142.0,6.46031746031746
Machha,35137,24.3095238095238,142.0,6.3452380952381
Hayzouq,35139,23.7380952380952,142.0,6.82142857142857
Aarqa,35141,26.9761904761905,142.0,8.94444444444444
Souaisset Aakkar,35143,24.4252863818069,142.0,8.58900732381655
Ilat,35145,24.8163265306122,142.0,4.57142857142857
Bqerzla,35147,24.8888888888889,142.0,5.93253968253968
Deir Dalloum,35149,27.9206349206349,142.0,7.80952380952381
Zouq El Hosniyeh,35151,27.0238095238095,142.0,6.23809523809524
Zouq El-Hbalsa,35153,27.1042172366049,142.0,6.28712267042421
Dahr Laissine,35155,24.0952380952381,142.0,3.39285714285714
Kfar Harra,35157,24.1904761904762,142.0,7.11904761904762
Balde WaMazraatBaldeh,35158,23.8095238095238,142.0,7.9047619047619
Zouq El-Hadara,35159,27.3879742704654,142.0,6.49648703938535
Zouq El-Moqachrine,35161,27.7579205679978,142.0,7.77726769973808
Jebrayel,35163,24.9795918367347,142.0,5.19727891156463
Mar Touma,35167,27.7460317460317,142.0,7.11111111111111
Hedd,35169,24.2380952380952,142.0,7.97619047619048
Tikrit,35171,24.8650793650794,142.0,3.27777777777778
Tallet Chattaha,35173,26.0248922625625,142.0,3.94277566923174
Beit Mellat,35174,25.1785714285714,142.0,4.51190476190476
Beino,35175,24.4688644688645,142.0,4.64102564102564
Aayoun Aakkar,35177,26.3825503248192,142.0,3.70942987933947
Qboula,35179,26.3237311171492,142.0,3.65301578647051
Chaqdouf,35181,26.6413209341272,142.0,3.20276586031561
Borj Aakkar,35183,26.4371125106658,142.0,3.37858952949082
Aaiyat,35185,25.8571428571429,142.0,2.95238095238095
Aain Yaaqoub,35187,25.421768707483,142.0,2.24489795918367
Bezbina,35189,24.6428571428571,142.0,2.08333333333333
Aakkar El-Aatiqa,35191,25.8605442176871,142.0,1.87074829931973
Tall Aabbas El-Gharbi,35211,24.2312925170068,142.0,9.08163265306122
Tall Aabbas Ech-Charqi,35213,23.6095238095238,142.0,9.00952380952381
Koueikhat,35215,23.3095238095238,142.0,9.83333333333333
Khreibet Ej-Jindi,35216,24.327380952381,142.0,9.20238095238095
Saadine,35217,23.5238095238095,142.0,9.41666666666667
Haouchab,35219,23.2857142857143,142.0,8.54761904761905
Hayssa,35221,25.2857142857143,142.0,8.33333333333333
Hokr Etti,35223,24.2380952380952,142.0,7.88888888888889
Chir Hmairine,35224,22.4897959183673,142.0,9.45578231292517
Darine,35225,23.0,142.0,9.55102040816327
Sammouniyeh,35227,25.5952380952381,142.0,9.17619047619048
Massaaoudiyeh,35229,23.4761904761905,142.0,6.83333333333333
Tall Meaayan Tall Kiri,35231,25.1038961038961,142.0,6.84415584415584
Qaabrine,35233,25.9206349206349,142.0,7.74603174603174
Kfar Melki Aakkar,35234,26.6984126984127,142.0,7.25396825396825
Tall Bireh,35235,22.4081632653061,142.0,7.10884353741497
Tall Hmayra,35237,22.2698412698413,142.0,8.33333333333333
Hokr Jouret Srar,35239,21.725803577731,142.0,9.69870506791856
Barcha,35241,22.1685809128775,142.0,9.02581869426764
Qleiaat Aakkar,35243,25.4965986394558,142.0,6.01360544217687
Kneisset Aakkar,35245,23.1428571428571,142.0,5.92857142857143
Tall Sebaal,35247,27.3095238095238,142.0,8.57142857142857
Aabboudiyeh,35249,21.5390129790424,142.0,9.87306667328501
Mighraq Aakkar,35251,23.8239753258646,142.0,5.65404169619174
Hokr Ed-Dahri,35253,22.3637867196363,142.0,5.32806488286078
Marlaya Melhem,35255,28.2222222222222,142.0,8.52380952380952
Kharnoubet Aakkar,35257,21.7619047619048,142.0,8.28571428571428
Semmaqli,35259,27.6981328092785,142.0,8.05212605177896
Mqaiteaa,35261,26.6761904761905,142.0,6.60952380952381
Janine,35263,21.6666666666667,142.0,9.73015873015873
Aamaret Aakkar,35265,28.3492063492063,142.0,8.19047619047619
Cheikh Zennad,35267,23.4285714285714,142.0,4.69047619047619
Qoubber Chamra,35269,28.2095238095238,142.0,7.18095238095238
Sammaqiyeh,35271,22.352380952381,142.0,4.65714285714286
AAridet Cheikh Zennad,35273,22.3333333333333,142.0,3.67460317460317
Bebnine,35275,28.1957671957672,97.5,6.59259259259259
Mhammaret,35277,28.5595238095238,97.5,5.78571428571429
Rmoul,35281,25.797619047619,142.0,6.22619047619048
Sayssouq,35311,23.3492063492063,142.0,2.93650793650794
Berqayel,35314,25.1904761904762,142.0,5.90476190476191
Bzal,35316,23.5541125541126,97.5,2.9004329004329
Qloud El-Baqieh,35317,23.5238093129985,142.0,5.07979696546365
Dinbou,35318,23.3303571428571,142.0,3.2827380952381
Chane,35320,23.3809523809524,142.0,2.6984126984127
Beit Younes,35321,24.0952380952381,142.0,1.07142857142857
Houaich,35322,23.531746031746,142.0,3.57142857142857
Sfaynet El-Qaitaa,35324,24.2640692640693,97.5,2.57142857142857
Qabaait,35325,23.3593073593074,97.5,2.74891774891775
Habchit,35326,23.0204081632653,142.0,1.67006802721088
Sadaqa,35327,24.4761904761905,142.0,0.69047619047619
Hrar,35328,23.8142857142857,97.5,1.17619047619048
Khreibet Aakkar,35330,23.6190476190476,142.0,1.91666666666667
Hmaireh Aakkar,35331,24.0952380952381,142.0,6.0
Qraiyat,35334,24.1666666666667,142.0,1.04761904761905
Beit Ayoub,35337,24.5854621089442,142.0,0.709270311361343
Qardaf,35341,26.0190476190476,142.0,5.64761904761905
Jdeidet El-Qaitaa,35344,24.9047619047619,97.5,3.66137566137566
Aayoun El-Ghizlane,35347,24.9502247783244,142.0,4.70962088344106
Michmich Aakkar,35351,25.44474393531,66.333333,0.298292902066487
Qornet Aakkar,35352,24.4603174603175,142.0,0.492063492063492
Fnaydeq,35353,24.0692640692641,73.0,0.0725108225108225
Majdala,35354,26.9047619047619,142.0,6.0
Tshea,35356,24.1904761904762,142.0,0.447619047619048
Rahbeh,35357,23.9190476190476,142.0,3.81428571428572
Ouadi El-Jamous,35364,27.9714285714286,142.0,7.20952380952381
Beit El-Haouch,35367,25.9404761904762,97.5,4.92857142857143
Menneaa,35371,24.4761904761905,142.0,1.24761904761905
Cheikhlar,35402,25.152380952381,142.0,7.58095238095238
Rmah,35404,25.0634920634921,142.0,7.6031746031746
Kfar Noun,35406,24.3015873015873,142.0,9.55555555555556
Bardeh,35408,25.1428571428571,142.0,5.97619047619048
Khirbet Er Remmane,35410,25.3571428571429,142.0,10.3809523809524
Sindianet Zeidane,35411,25.1666666666667,142.0,4.38095238095238
Fraydes Aakkar,35412,23.6190476190476,142.0,8.47619047619048
Mounjez,35414,24.5079365079365,142.0,8.26455026455026
Qsair Aakkar,35415,24.8333333333333,142.0,7.11904761904762
Biret Aakkar,35416,24.968253968254,142.0,4.97619047619048
Khirbet Daoud Aakkar,35417,24.8475377310218,142.0,4.6779421733003
Daghleh,35419,24.8524148479352,142.0,4.31980006781192
Aaouaainat Aakkar,35420,26.0,142.0,9.38095238095238
Aamriyet Aakkar,35421,24.2976190476191,142.0,6.35714285714286
Kafr,35423,24.4976608879922,142.0,5.84212077355787
Bsatine Aakkar,35425,24.8333333333333,142.0,5.45238095238095
Aain Ez-Zeit,35427,24.5079365079365,142.0,6.03174603174603
Kouachra,35429,23.4940476190476,142.0,6.42857142857143
Khalsa,35430,26.4732842296802,142.0,10.6021135268999
Khirbet Char,35431,24.3704225981138,142.0,6.3678159069698
Dibbabiyeh,35432,23.4380952380952,142.0,9.25714285714286
Berbara Aakkar,35433,24.6031746031746,142.0,5.73015873015873
Aain Tinta,35435,23.2380952380952,142.0,6.11904761904762
Machta Hammoud,35437,27.2596006144393,142.0,10.5560675883257
Baghdadi,35439,23.0238095238095,142.0,6.72222222222222
Deir Jannine,35441,24.552380952381,142.0,7.16190476190476
Douair Aadouiyeh,35443,24.132226856923,142.0,6.80345006030834
Noura Et-Tahta,35445,22.4857142857143,142.0,8.28571428571429
Sfinet Ed-Draib,35447,23.8412698412698,142.0,7.31746031746032
Aamaret El-Baykat,35449,22.9047619047619,142.0,7.45578231292517
Msalla,35451,23.1111111111111,142.0,7.01587301587302
Qachlaq,35453,22.9047619047619,142.0,7.69047619047619
Ouadi El-Haour,35455,22.9047619047619,142.0,7.50404497203182
Charbila,35457,23.4761904761905,142.0,7.39153439153439
Tleil,35459,23.0952380952381,142.0,6.45238095238095
Mzeihmeh,35461,22.9047619047619,142.0,7.6031746031746
Haytla,35463,22.9285714285714,142.0,7.73809523809524
Knisseh,35465,24.2380952380952,142.0,6.97619047619048
Rihaniyet Aakkar,35467,23.3095238095238,142.0,7.79365079365079
Saidnaya,35469,23.2680812048316,142.0,7.69545335318975
Hmaiss Aakkar,35470,23.9047619047619,142.0,6.17460317460317
Srar,35471,22.9047619047619,142.0,8.03174603174603
Ghazayleh,35475,23.152380952381,142.0,8.42857142857143
Aarmeh,35484,22.13383124119,142.0,9.5587646381147
Mazraat En-Nahriyeh,35486,25.5666666666667,142.0,6.01428571428571
Qbaiyat Aakkar,35487,27.0714285714286,142.0,3.37445887445888
Aandqet,35498,27.8439153439154,142.0,4.08333333333333
Dayret Nahr El-Kabir,35511,26.8603174603175,142.0,12.9936507936508
Aamayer,35512,30.2770562770563,142.0,10.6493506493506
Hnaider,35514,33.0,142.0,9.95970695970696
Kneisset Hnaider,35515,34.4047619047619,142.0,9.83333333333333
Mazareaa Jabal Akroum,35516,29.4217142857143,73.0,3.44152380952381
Qarha Aakkar,35518,33.8253968253968,142.0,10.5238095238095
Mchaa Ej-JibbÃ©,36110,24.9821428571429,33.0,0.0
Bcharreh,36111,25.2478354978355,23.0,0.0
Qnayouer,36114,25.5714285714286,25.0,0.0
Billa,36117,26.0,19.0,0.0
Aabdine,36121,25.952380952381,30.0,0.0
Tourza,36124,25.9931972789116,25.0,0.0680272108843537
Qnat,36127,25.9153439153439,45.5,0.0
Hadath Ej-Jebbeh,36131,25.2083333333333,45.5,0.0
Mazraat Bani Saab,36134,25.987783002207,45.5,0.0
Berhalioun,36137,25.9417989417989,30.0,0.0
Ouadi Qannoubine,36141,25.9285714285714,25.0,0.0476190476190476
Mazraat Aassaf,36144,25.9183923924334,44.0,0.0
Bane,36147,26.2023809523809,25.0,0.0
Blaouza,36151,25.9810779599162,25.0,0.00442798572232218
Moghr El-Ahoual,36154,25.952380952381,30.333333,0.0476190476190476
Breissat,36157,25.5071395532627,19.0,0.0
Dimane,36161,25.530612244898,19.0,0.0
Metrit,36164,25.9183673469388,44.0,0.00680272108843537
Hasroun,36171,25.4081632653061,45.5,0.00340136054421769
Hadchit,36177,25.8690476190476,19.0,0.00595238095238095
Bazaaoun,36181,26.047619047619,45.5,0.0119047619047619
Bqerqacha,36184,25.5578231292517,19.0,0.00680272108843537
Beit Menzer,36187,25.8214285714286,19.0,0.0
Bqaa Kafra,36191,25.4656084656085,19.0,0.0
Litige,37001,25.7142857142857,53.0,0.522483651454655
Litige,37002,25.8121693121693,53.0,0.0
Litige,37003,25.7619047619048,53.0,0.0
Litige,37004,25.7619047619048,53.0,0.0796999677393088
Litige,37005,25.7778660653795,53.0,0.0792767917634004
Litige,37006,25.7619047619048,53.0,0.0
Beddaoui,37231,31.3392857142857,28.333333,1.27380952380952
Deir Aammar,37241,29.8380952380952,42.0,1.84761904761905
Borj El-Yahoudiyeh,37251,26.6428571428571,42.0,1.5
Nabi Youcheaa,37261,26.5619047619048,42.0,2.60952380952381
Minie,37271,27.8920634920635,53.0,3.5968253968254
Rihaniyet-Miniyeh,37281,27.9047619047619,97.5,5.59523809523809
Zouq Bhannine,37291,28.5238095238095,97.5,4.91904761904762
Sir Ed-Danniyeh,37311,25.0666666666667,53.0,0.380952380952381
Aassoun,37313,25.1809523809524,53.0,0.257142857142857
Mazraat Ketrane,37314,25.1617740047667,53.0,0.0909503622607471
Qattineh-Miniyeh,37315,25.0952380952381,53.0,1.16666666666667
Bqaa Sefrine,37317,25.5933075933076,26.75,0.00214500214500214
Bqarsouna,37319,25.4761904761905,53.0,0.0380952380952381
Hazmiyet-Miniyeh,37321,25.3362880541846,53.0,0.868847306929205
Tarane,37323,25.4761904761905,53.0,1.05952380952381
Mimrine,37325,25.7857142857143,53.0,0.0904761904761905
Haql el Aazimeh,37327,24.9618517166438,53.0,0.980239690667266
Beit El-Faqs,37329,26.047619047619,53.0,0.119047619047619
Mrah Es-Sfire,37331,25.3995154884378,53.0,0.844216653070076
Aain Et-Tineh-Miniyeh,37333,25.8245052477713,53.0,0.643849635668579
Kharroub-Miniyeh,37335,24.5183685171445,53.0,0.756083233802761
Sfireh,37337,25.8928571428571,53.0,0.119047619047619
Qarsaita,37339,25.7210884353742,53.0,0.054421768707483
Izal,37341,25.297619047619,42.0,0.251700680272109
Btermaz,37343,24.108843537415,97.5,2.11224489795918
Qemmamine,37344,26.3619047619048,66.333333,0.266666666666667
Harf Es-Sayad,37345,24.5,53.0,1.52380952380952
Karm El-Mohr,37347,25.1666666666667,53.0,0.0857142857142857
Beit Zoud,37349,23.7142857142857,53.0,0.857142857142857
Mrah Es-Srayj,37351,23.6666666666667,53.0,1.77777777777778
Qraine,37353,25.1072194905856,53.0,1.14330758094809
Haouaret-Miniyeh,37355,25.968253968254,53.0,0.484126984126984
Debaael,37356,24.3650793650794,97.5,1.98941798941799
Beit Haouik,37357,25.6107799472302,53.0,0.906516125345623
Jayroun,37358,26.0751879699248,53.0,0.0952380952380952
Bechnnata,37359,25.3168498168498,42.0,0.0
Qarhaiya,37360,23.7857142857143,97.5,3.92857142857143
Aazqai,37361,23.6190476190476,75.333333,2.71428571428571
Aasaymout,37362,23.9206349206349,97.5,2.04761904761905
Kfar Chellane,37363,23.6034471029486,42.0,2.24335006082959
Kfar Habou,37365,24.004329004329,42.0,1.90909090909091
Aaymar,37367,25.7619047619048,53.0,0.0571428571428571
Zaghartaghrine,37369,25.797619047619,53.0,0.154761904761905
Behouaita,37371,25.2261904761905,42.0,0.0119047619047619
Kahf El-Malloul,37373,25.7777777777778,42.0,0.0952380952380952
Jarjour,37375,26.1174086826842,42.0,0.33292771921447
Deir Nbouh,37377,26.6285714285714,42.0,1.67142857142857
Bechehhara,37379,26.1945095615084,42.0,0.51094205485196
Merkebta,37381,25.6839826839827,42.0,3.48051948051948
Raouda-Aadoua,37382,25.5510204081633,75.333333,4.68707482993197
Qarne,37383,25.4848484848485,97.5,1.03463203463203
Mrebbine,37385,26.5835866261398,28.5,0.0
Terbol-Miniyeh,37387,25.0190476190476,42.0,0.676190476190476
Mazraat El-Kreme,37389,25.7599559980538,53.0,0.212547407518862
Bakhaaoun,37391,24.1168831168831,53.0,1.31168831168831
Kfar Bibnine,37395,26.0714285714286,53.0,0.0357142857142857
Litige,51001,31.1666666666667,39.0,0.976190476190476
Zahleh El-Midane,51111,27.1839049788796,5.0,1.65855335534725
Zahleh Haouch Ez-Zaraane,51113,27.0660320345547,5.0,1.79449752306297
ZahlÃ© Mar Gerges,51115,27.1805821357068,5.0,1.64983421575646
Zahleh Er-Rassiyeh,51117,27.1898095100704,5.0,1.23809523809524
Zahleh El-Berbara,51119,27.0362944513636,5.0,1.29697216316208
Zahleh El-Maallaqa,51121,27.1504494174646,5.0,2.46561503079855
ZahlÃ© Mar Antonios,51123,27.2733171253881,5.0,1.29388245956311
Zahleh Maallaqa Aradi,51125,27.8076923076923,5.0,4.16300366300366
ZahlÃ© Haouch El-Oumara Aradi,51127,29.1201814058957,9.0,3.89342403628118
ZahlÃ© Saydet En-Najat,51129,27.2823235173567,5.0,1.20757832287721
Zahleh Haouch El-Oumara,51131,27.7857142857143,5.0,2.95238095238095
Zahleh Aradi,51133,27.2813852813853,5.0,0.813852813852814
ZahlÃ© Mar Elias,51135,27.2704376987036,5.0,1.30683987964323
Fourzol,51139,27.1904761904762,5.0,3.04347826086957
Touaite Zahleh,51145,26.2380952380952,50.0,0.196969696969697
Nabi Ayla,51151,27.8843537414966,6.5,3.70068027210884
Hazerta,51157,25.8190476190476,49.5,0.0619047619047619
Ablah,51163,28.1011904761905,5.0,4.77976190476191
Qaa Er-Rim,51173,25.8299319727891,35.666667,0.0090702947845805
Niha Zahleh,51177,26.9081632653061,6.5,1.45238095238095
Ksara,51184,28.5258820043964,5.0,2.23617474574634
Mazraat Er-Remtaniyeh,51185,26.7063492063492,28.0,0.0277777777777778
Ouadi El-Aarayech,51189,26.6047619047619,5.0,0.223809523809524
Chtaura,51211,30.2142857142857,5.0,1.5952380952381
Zebdoul,51214,29.9344318233441,5.0,1.25979948082339
Makseh,51217,31.8571428571429,5.0,1.66666666666667
Taalbaya,51221,30.2440476190476,5.0,2.20833333333333
Jdita,51224,29.625,5.0,1.41071428571429
Taanayel,51227,32.3809523809524,9.0,3.125
Saadnayel,51231,29.2904761904762,5.0,2.70952380952381
Qabb Elias,51234,34.2380952380952,5.0,1.7010582010582
Haouch Mandara,51237,35.8299319727891,9.0,2.57142857142857
Mrayjat Zahleh,51241,28.7698412698413,28.0,0.19047619047619
Bouarej,51244,28.1142857142857,28.0,0.104761904761905
Chebrqiyet Tabet,51247,34.621405956535,9.0,2.99720657934421
Haouch Es-Siyadeh,51251,34.2857142857143,5.0,1.69047619047619
Ouadi Ed-Delm,51257,28.7354497354497,43.0,0.158730158730159
Tcheflik Qiqano,51261,36.031746031746,5.0,1.98412698412698
Haouch Qayssar,51264,34.5062413309029,5.0,1.63990473092835
Barr Elias,51267,31.0535714285714,9.0,5.13541666666667
Mzaraat Zahleh,51271,32.8959332359253,39.0,1.19131601695415
Tcheflik EddÃ© Haouch,51274,33.2857142857143,30.333333,1.38095238095238
Tell El-Akhdar,51277,36.625,9.0,2.14285714285714
Aanjar (Haouch Moussa),51281,36.0218253968254,9.0,4.84722222222222
Majdel Aanjar,51284,36.2002801120448,9.0,2.61624649859944
Nasriyet Zahleh,51287,37.3333333333333,9.0,2.71428571428571
Riyaq,51311,29.1428571428571,5.0,6.65714285714286
Haouch Hala,51317,29.3439153439153,6.5,6.19047619047619
Aali En-Nahri,51323,29.1619047619048,6.5,6.34285714285714
Haouch El-Ghanam,51329,29.0,6.5,6.68253968253968
Haouch El-Aamara,51335,29.0919065692279,6.5,6.00516113550117
Hoshmosh,51341,29.3666666666667,5.0,6.41428571428571
Deir El-Ghazal,51347,29.4074074074074,5.0,3.62962962962963
Qoussaya,51353,29.4552380952381,6.5,1.26285714285714
Nasriyet Rizk,51354,29.9264069264069,6.5,4.66233766233766
Raait,51359,29.1904761904762,5.0,5.57671957671958
Terbol Zahleh,51365,29.6107660455487,5.0,5.6935817805383
Massa,51371,29.6714285714286,6.5,5.11904761904762
Aain Kfar Zabad,51377,29.3571428571429,5.0,2.84920634920635
Dalhamiyet Zahleh,51383,28.2010582010582,5.0,5.73544973544974
Kfarzabad,51389,31.244708994709,5.0,3.33465608465609
Litige,52001,30.8367346938776,59.666667,0.401360544217687
Litige,52002,29.4166666666667,53.0,0.0
Litige,52003,27.1923251672515,53.0,0.0
Machghara,52111,26.655462184874,38.333333,0.34593837535014
Aain Et-Tineh BG,52116,25.6785714285714,60.0,0.107142857142857
Aaytanit,52121,27.6168831168831,53.0,0.372294372294372
Bab Mareaa,52126,27.5026455026455,53.0,0.28042328042328
Deir Aain Ej-Jaouzeh,52131,29.0714285714286,13.0,0.738095238095238
Saghbine,52136,28.9391534391534,53.0,0.481481481481481
Loussa,52141,25.5301587301587,36.666667,0.926984126984127
Aain Zebdeh,52146,28.5892857142857,13.0,0.261904761904762
Khirbet Qanafar,52151,31.268253968254,53.0,0.665079365079365
Kafraiya BG,52156,31.9305555555556,53.0,0.636904761904762
Aana,52161,33.1666666666667,53.0,1.13203463203463
Deir Tahniche,52166,32.5333333333333,53.0,1.36190476190476
Mansoura BG,52171,35.347619047619,13.0,2.13809523809524
Aammiq BG,52176,33.5897435897436,46.0,1.57142857142857
Chebrqiyet Aammiq,52181,36.3809523809524,9.0,2.08095238095238
Joubb Jannine,52211,34.1168831168831,11.0,1.61471861471862
Lala,52214,32.4095238095238,11.0,0.671428571428571
Kamed El-Laouz,52217,34.2727272727273,11.0,1.61471861471861
Tall Znoub,52221,35.0833333333333,13.0,1.63095238095238
Baaloul BG,52224,32.1328320802005,11.0,0.508771929824561
Ghazzeh,52227,35.6233766233766,13.0,2.67965367965368
Soultan Yaacoub Faouqa,52231,35.9301587301587,11.0,2.1015873015873
Khiara,52234,36.3443223443223,13.0,3.08424908424908
Qaraaoun,52237,31.1335978835979,11.0,0.564814814814815
Soltan Yacoub el Aradi,52241,35.7619047619048,13.0,2.35714285714286
Manara (Hammara) BG,52244,35.0526315789474,11.0,0.899749373433584
Khiara El-Aatiqa,52247,37.5119047619048,9.0,2.5952380952381
Dakoueh,52251,36.281746031746,9.0,2.65873015873016
Haouch El-Harime,52254,37.7513227513228,9.0,3.4973544973545
Jazira BG,52257,37.9365079365079,9.0,2.99206349206349
Ouaqf BG,52261,37.9365079365079,9.0,2.80952380952381
Souairi,52264,36.1190476190476,9.0,1.53095238095238
Sohmor,52267,27.5142857142857,11.0,0.60952380952381
Harimeh Es-Soughra,52271,37.6530612244898,9.0,3.7687074829932
Libbaya BG,52274,27.4705882352941,15.0,0.305322128851541
Marj BG,52277,36.7738095238095,9.0,3.38095238095238
Yohmor BG,52281,26.1904761904762,18.0,0.512820512820513
Zilaya,52284,26.0833333333333,18.0,0.607142857142857
Maydoun,52287,25.0680272108844,43.5,0.105442176870748
Qelaya,52291,25.3265306122449,18.0,1.10204081632653
Raouda (Istabel),52295,36.7482993197279,9.0,4.3265306122449
Litige,53001,39.752380952381,8.0,0.39047619047619
Litige,53002,39.672380952381,8.0,0.12
Litige,53003,30.2979025849011,8.0,0.0
Baalbek,53111,27.8625336927224,8.0,3.13027852650494
Aain Bourday,53115,27.8704761904762,8.0,1.48190476190476
Douris,53119,28.0646258503401,8.0,4.2312925170068
Iaat,53123,27.3892857142857,8.0,4.97738095238095
Aadous,53127,27.3492063492063,8.0,5.0
Aamchki,53131,27.7673992673993,8.0,0.0317460317460317
Haouch Tall Safiyeh,53135,27.5986394557823,8.0,5.18367346938776
Taibet Baalbek,53139,28.2728937728938,8.0,3.87362637362637
Nahleh baalbek,53143,28.1123809523809,8.0,0.462312925170068
Majdaloun,53147,28.1360544217687,8.0,5.43537414965986
Haouche Barada,53151,27.9312169312169,8.0,5.29100529100529
Maqneh,53155,27.0166666666667,8.0,4.28571428571429
Haouch El-Dehab,53159,27.8869047619048,8.0,5.09523809523809
Aain Es-Siyaa Chadoura,53163,27.8831168831169,8.0,0.0173160173160173
Saaideh,53167,27.9206349206349,8.0,4.11111111111111
Jebaa,53171,27.4226190476191,8.0,1.38095238095238
Kfar Dane,53179,28.0119047619048,8.0,3.58333333333333
Hadath Baalbek,53183,27.5020703933747,8.0,2.52173913043478
Ras Baalbek Es-Sahel,53211,28.7743055555556,6.0,9.22172619047619
Fekehe,53214,28.4767857142857,6.0,5.94761904761905
Aain Baalbek,53217,28.5544217687075,8.0,5.41156462585034
Bajjaje,53221,28.9428571428571,8.0,12.8666666666667
Nabi Osmane,53224,28.8503401360544,8.0,8.43197278911564
Ras Baalbek Ech-Charqi,53227,32.373897707231,8.0,1.11992945326279
Aarsal,53231,31.6572695597085,8.0,0.188364481047408
Laboueh,53234,28.0565476190476,8.0,7.50595238095238
Zabboud,53237,28.0761904761905,8.0,8.98095238095238
Qaa Baalbek,53241,31.9273182957393,8.0,15.4561403508772
Deir Mar Maroun Baalbek,53244,28.9571428571429,6.0,10.847619047619
Halbata,53247,25.0714285714286,6.0,0.160714285714286
Moqraq,53251,27.8095238095238,8.0,4.05668934240363
Qaa Ouadi El-Khanzir,53254,34.5658561296859,6.0,14.144883485309
Qaa Baayoun,53257,36.3775510204082,8.0,7.8469387755102
Sbouba,53261,26.8979591836735,8.0,4.57142857142857
Harabta,53264,25.8986175115207,8.0,3.21044546850998
Qaa Jouar MaqiyÃ©,53267,38.8244897959184,8.0,18.8312925170068
Nabha Ed-Damdoum,53271,25.1931428571428,10.333333,1.07580952380952
Chaat,53274,27.2698412698413,8.0,6.34310134310134
Qarha Baalbek,53277,25.5555555555556,8.0,2.22222222222222
Ram Baalbek,53281,25.0857142857143,8.0,0.614285714285714
Youmine,53284,27.6344797178131,8.0,3.15828924162257
Deir El-Ahmar,53311,26.501210653753,8.0,2.5956416464891
Kneisset Baalbek,53322,26.6731601731602,8.0,4.33549783549784
Bechouat,53333,25.3208020050125,8.0,0.631578947368421
Barqa,53344,25.0063492063492,8.0,0.0904761904761905
Riha,53355,26.1904761904762,8.0,3.5578231292517
Dar El-Ouassaa,53366,25.9251700680272,8.0,0.170068027210884
Btedaai,53375,26.8174603174603,8.0,2.41005291005291
Aaynata Baalbek,53377,24.9402985074627,33.0,0.0
Yammouneh,53388,25.1757369614512,57.333333,0.0385487528344671
Bednayel Baalbak,53411,25.943661971831,45.25,0.865191146881288
Qsarnaba,53413,28.0178571428571,8.0,3.0952380952381
Temnine El-Faouqa,53415,26.9301587301587,6.5,1.84444444444444
Beit Chama,53417,27.957671957672,8.0,3.8042328042328
Haouch Er-Rafqa,53419,28.1836734693878,8.0,6.81632653061224
Mousrayeh,53421,28.047619047619,8.0,6.71428571428572
Slouqi,53423,25.6170634920635,41.0,0.170634920634921
Temnine Et-Tahta,53425,28.974025974026,6.5,6.25108225108225
Kfar Dabach,53427,28.047619047619,8.0,4.99206349206349
Chmistar,53429,27.0530612244898,8.0,1.63401360544218
Haouch En-Nabi,53431,28.1587301587302,8.0,6.68253968253968
Haouch Snaid,53433,28.6996336996337,8.0,6.28937728937729
Taraiya,53435,26.9651240778001,58.0,1.74647887323944
Serraaine Et-Tahta,53437,29.1484593837535,6.5,6.41176470588235
Talia,53439,28.968253968254,8.0,6.09523809523809
Hizzine,53441,28.7301587301587,8.0,6.12698412698413
Khodr Baalbek,53443,29.1111111111111,8.0,4.77248677248677
Nabi Chit,53445,29.540293040293,6.5,4.35164835164835
Jenta,53447,30.546218487395,6.5,2.50420168067227
Yahfoufa,53449,30.5132275132275,8.0,1.70634920634921
Haour Taala,53451,28.9338624338625,8.0,2.25529100529101
Brital,53453,28.4420634920635,8.0,2.31746031746032
Khreibet Baalbek,53455,29.6920634920635,8.0,0.871428571428571
Mazraat beit Mchaik,53457,25.3756613756614,50.0,0.0
Bouday,53459,26.8004535147392,8.0,2.08049886621315
Maaraboun,53461,30.3333333333333,8.0,0.463492063492063
Ham,53463,30.1587301587302,8.0,0.151927437641723
Aain El-Barnaya,53465,29.2753623188406,8.0,0.0455486542443064
Chlifa,53467,27.3371428571429,8.0,3.4952380952381
Chaaibeh,53469,28.3350970017637,8.0,0.0388007054673721
Nabi Chbay,53471,28.1468846810745,8.0,0.251406987325456
Aain Ej-Jaouz Baalbek,53473,30.6322751322751,8.0,0.0145502645502645
Tfail,53475,31.6297619047619,8.0,0.108333333333333
Litige,54001,38.4761904761905,4.0,14.952380952381
Litige,54002,25.0008657289878,73.0,0.0
Litige,54003,42.1916609371006,8.0,20.0550377819217
Hermel,54111,32.5046583850932,6.0,8.18892339544514
Michaa Mrajhineh,54114,26.3371428571428,66.333333,0.0158730158730159
Zighrine,54119,27.8989458378771,4.0,0.61504907306434
Charbine El-Hermel,54127,27.778801843318,73.0,0.265232974910394
Ras Baalbek El Gharbi,54135,26.5983709273183,6.0,0.602756892230576
Ras Baalbek Ouadi Faara,54143,28.2329931972789,6.0,7.88945578231293
Ouadi Faara,54151,25.4021164021164,6.0,0.0753968253968254
Hermel Jbab,54159,26.4155435759209,21.0,0.0
Maaysra El-Hermel,54167,26.8619047619048,6.0,1.34285714285714
Kharayeb El-Hermel,54175,27.0619047619048,8.0,4.87619047619048
Ouadi El-Aaoss,54183,24.9824561403509,8.0,0.215538847117794
Litige,55001,36.2539682539683,9.0,0.428571428571429
Litige,55002,41.4035087719298,9.0,1.79197994987469
Litige,55003,31.3809523809524,11.0,0.234932349576664
Litige,55004,31.4049182344797,9.0,0.476190476190476
Litige,55005,31.8897610934239,9.0,0.624849073190696
Litige,55006,31.5238095238095,9.0,0.842083069947235
Litige,55007,32.8857142857143,9.0,0.019047619047619
Litige,55008,31.2189816854234,9.0,1.4350681367441
Litige,55009,35.0476190476191,9.0,0.0
Litige,55010,29.9806295399516,16.0,0.0217917675544794
Rachaiya,55111,31.875415282392,9.0,0.572535991140642
Aaqabet Rachaya,55114,31.5820105820106,9.0,1.75132275132275
Aayha,55117,33.4309927360775,9.0,0.2590799031477
Bakkifac Rachaya,55121,31.4329004329004,9.0,1.64502164502165
Dahr El-Ahmar,55124,31.9450549450549,9.0,1.38461538461538
Beit Lahia,55127,31.2857142857143,9.0,2.02380952380952
Tannoura,55131,31.5986394557823,9.0,1.48979591836735
Kfar Qouq,55134,34.4285714285714,9.0,0.288188002473717
Kfar Denis,55137,31.9880952380952,9.0,0.849206349206349
Mhaiydseh Rachaiya,55141,31.4619047619048,11.0,0.485714285714286
Kaoukaba Bou Arab,55144,31.1224489795918,9.0,0.673469387755102
Aain Rouha,55147,30.4206349206349,9.0,0.96031746031746
Khirbet Rouha,55151,32.733893557423,9.0,1.34453781512605
Kfar Lichki,55154,30.1022927689594,11.0,0.744268077601411
Rafid Rachaiya,55157,31.6666666666667,11.0,0.714285714285714
Haouch El Qinnabeh Rachaiya,55161,30.6571428571429,16.0,1.84761904761905
Biret Rachaiya,55164,32.9234693877551,11.0,0.848639455782313
Aain Aarab Rachaiya,55167,33.8222222222222,9.0,0.453968253968254
Aain Aata,55171,29.8072562358277,16.0,0.351473922902494
Majdel Balhis,55174,30.8205128205128,11.0,0.483516483516484
Bakka,55177,34.5396825396825,9.0,0.201058201058201
Mdoukha,55181,34.1038961038961,9.0,0.915584415584415
Yanta,55184,36.2123015873016,9.0,0.266865079365079
Deir El-Aachayer,55187,40.3412698412698,9.0,1.15396825396825
Selsata (Mazraat Deir El-Aachaiyer),55191,38.0,9.0,0.238095238095238
Aayta El-Foukhar,55194,34.9124839124839,11.0,0.526383526383526
Helouet Rachaiya,55197,39.5659340659341,9.0,1.24542124542125
Nabi Safa,55199,29.952380952381,15.0,0.438095238095238
Litige,61001,13.8571428571429,50.0,0.0
Saida El-Oustani,61111,16.0952380952381,71.5,0.654761904761905
Saida El-Qadimeh,61115,15.7169267088507,50.0,0.381717007194494
Saida Ed-Dekermane,61119,15.4897959183673,50.0,0.442176870748299
Bramiyeh,61123,16.3170896454278,50.0,0.588351941036634
Hlaliyeh Saida,61147,16.0621620190932,50.0,0.577693912405978
Haret Saida,61159,15.9880952380952,50.0,0.511904761904762
Miyeh ou Miyeh,61183,15.6825396825397,50.0,0.444444444444444
Salhiyet Saida,61211,16.0793650793651,62.0,0.571428571428572
Saida Kefraya,61222,16.4995904152791,62.0,0.589340979352999
Majdelyoun,61233,15.9285714285714,62.0,0.380952380952381
AAbra Saida,61244,16.1587301587302,50.0,0.507936507936508
Qraiyet Saida,61255,15.7959183673469,62.0,0.598639455782313
Bqosta,61266,16.2678571428571,72.333333,0.761904761904762
Aain Ed-Delb,61277,15.8428997752137,50.0,0.597476338471005
Ghaziyeh,61311,15.1355311355311,50.0,0.142857142857143
Maghdoucheh,61323,15.2190476190476,50.0,0.114285714285714
Darb Es-Sim,61335,15.3333333333333,50.0,0.361904761904762
Qennarit,61347,15.2142857142857,50.0,0.0119047619047619
Zeita,61359,15.2539682539683,50.0,0.0317460317460317
Zaghdraiya,61371,15.4993209098331,50.0,0.570890250542016
Tanbourit,61383,15.4603174603175,62.0,0.238095238095238
Jazira Saida,61411,13.1809523809524,52.5,0.0
Mazraat El Yahoudiyeh (Aaitaniyeh),61412,13.2190476190476,52.5,0.0
Mzaraat El-Ouasta,61414,13.1904761904762,50.0,0.0
Matariyet Ech-Choumar,61415,13.0952380952381,50.0,0.0
Arzai,61417,13.1216931216931,52.5,0.0
Mazraat Kfar Beda,61418,13.1904761904762,50.0,0.0
Khayayeb Saida,61419,13.1693121693122,46.0,0.0
Mazraat Jamjim,61421,13.1904761904762,50.0,0.0
Hartiyeh,61423,13.1269841269841,50.0,0.0
Mazraat El-Mhaydaleh,61424,13.0952380952381,50.0,0.0
Mazraat Kaoutariyet Er-Riz,61426,13.1587301587302,46.0,0.0
Zrariyeh,61427,13.1978021978022,49.0,0.0
Mazraat Sari,61429,13.0525684457651,50.0,0.0
Mazraat Deir Taqla,61431,13.047619047619,50.0,0.0
Mazraat Oussamiyat,61433,13.0793650793651,46.0,0.0
Aadloun,61434,13.1388888888889,50.0,0.0
Insariyeh,61436,13.1428571428571,50.0,0.0
Mazraat Sinai,61437,13.2666666666667,46.0,0.0
Loubieh,61439,13.2222222222222,50.0,0.0
Daoudiyeh,61441,13.1746031746032,50.0,0.0
Khirbet Ed-Douair Saida,61443,13.4285714285714,50.0,0.0
Babliyeh,61444,13.1303258145363,46.0,0.0
Khartoum,61446,13.5714285714286,46.0,0.0
Ghassaniyeh,61447,13.5634920634921,50.0,0.0
Sarafand,61449,13.7936507936508,50.0,0.0
Qaaqaiyet Es-Snaoubar,61451,13.7777777777778,50.0,0.0
Bissariyeh,61453,13.8412698412698,50.0,0.0
Kaoutariyet Es-Siyad,61454,13.6772486772487,46.0,0.0
Tebna,61456,13.8571428571429,50.0,0.0
Mazraat 'Snaiber,61457,13.8571428571429,50.0,0.0
Teffahta,61459,13.7922077922078,46.0,0.0
Saksakiyeh,61461,13.4285714285714,50.0,0.0
Merouaniyeh,61463,14.0505952380952,46.0,0.0
Najjariyeh,61464,14.5238095238095,50.0,0.0
Aadoussiyeh,61466,14.0,50.0,0.0
Khirbet El-Bassal,61467,14.547619047619,50.0,0.0
Mazraat 'Mseileh,61469,14.6428571428571,50.0,0.0
Hajjeh,61471,15.031746031746,46.0,0.0476190476190476
Mazraat El-Houssainiyeh,61473,15.0634920634921,50.0,0.0
Khzaiz,61474,15.031746031746,46.0,0.19047619047619
Maamriyeh,61476,14.952380952381,50.0,0.119047619047619
Aaqtanit,61477,15.1587301587302,50.0,0.0555555555555556
Erkay,61479,15.1333333333333,46.0,0.161904761904762
Bnaafoul,61481,15.2925170068027,46.0,0.122448979591837
Aarab Tabbaya,61483,16.0948479907807,46.0,0.235698163201158
Mtayriyeh,61484,15.3069609566027,50.0,0.177097088335487
Mazraat Aarab Soukkar,61486,16.1722762839564,46.0,0.242255782728993
Aarab Ej-Jall,61487,16.8566002698196,46.0,0.37489994664535
Berti,61488,20.1428571428571,62.0,0.746031746031746
Aanqoun,61489,15.7472527472527,55.333333,0.263736263736264
Kfar Beit,61491,17.3256461671144,50.0,0.577217041115616
Kfar Hatta Saida,61493,17.031746031746,62.0,0.555555555555555
Kfar Chellal,61494,17.9184162486289,55.333333,0.642965787243293
Kfar Melki Saida,61496,19.3333333333333,55.333333,0.613756613756614
Sfenta,61497,19.9479300903316,62.0,0.73268319962738
Sour,62111,13.252380952381,55.0,0.0
Borj Ech-Chemali,62128,13.1978021978022,55.0,0.0
Batoulay,62162,13.4013605442177,55.0,0.0
Deir Qanoun El-Aain,62179,13.5634920634921,55.0,0.0158730158730159
Jouaiya,62211,13.2683982683983,55.0,0.0
Debaal Sour,62212,13.2666666666667,55.0,0.0
Majdel,62214,13.6761904761905,45.0,0.0
Mazraat Mechref,62215,13.5518207282913,45.0,0.0
Aaytit,62217,13.252380952381,55.0,0.0
Ouadi Jilo,62218,13.1904761904762,55.0,0.0
Yanouh Sour,62219,13.1619047619048,55.0,0.0
Bafliyeh,62221,13.4285714285714,55.0,0.0
Deir Aames,62223,13.5952380952381,45.0,0.0
Barich,62224,13.2142857142857,55.0,0.0
Biyad,62226,13.2619047619048,55.0,0.0
Selaa Sour,62227,13.8412698412698,45.0,0.0
Qana,62229,13.2619047619048,55.0,0.0
Maarakeh,62231,13.1558441558442,55.0,0.0
Neftakhiyeh,62233,13.9312370340274,55.0,0.0
Maaroub,62234,13.1904761904762,55.0,0.0
Recheknanay,62236,13.4940476190476,45.0,0.0
Jennata,62237,13.1746031746032,55.0,0.0
Derdaghaiya,62239,13.4761904761905,55.0,0.0
Sadiqine,62241,13.2539682539683,55.0,0.0
Aaiyeh,62242,13.2857142857143,45.0,0.0
Aain Baal,62243,13.2380952380952,55.0,0.0
Hmairi Sour,62244,13.1904761904762,55.0,0.0
Mheilib,62245,13.1640211640212,55.0,0.0
Bazouriyeh,62246,13.1462585034014,55.0,0.0
Hanaouay,62247,13.2857142857143,55.0,0.0
Bestiyat,62249,13.1904761904762,55.0,0.0
Deir Kifa,62251,14.3869047619048,45.0,0.0
Tayr Debbeh,62253,13.1428571428571,55.0,0.0
Chehabiyeh,62254,13.8035714285714,45.0,0.0
Arzoun,62256,13.8455906124247,55.0,0.0
Niha Sour,62257,14.1904761904762,55.0,0.0
Rmadiyeh,62259,13.3809523809524,55.0,0.0
Toura,62261,13.1428571428571,55.0,0.0
Deir Qanoun En-Nahr,62263,13.1619047619048,55.0,0.0
Chehour,62264,13.6238095238095,48.5,0.0809523809523809
Srifa,62266,14.2539682539683,45.0,0.0476190476190476
Kneisset Sour,62267,13.4671733283643,55.0,0.0
Halloussiyeh,62269,13.2083333333333,52.5,0.00595238095238095
Tayr Falsay,62271,13.1964285714286,49.0,0.00595238095238095
Touayri,62273,15.2380952380952,45.0,0.142857142857143
Bedias,62274,13.1428571428571,52.5,0.0
Aabbassiyet Sour,62276,13.1516754850088,55.0,0.0
Chaaitiyeh,62277,13.5396825396825,55.0,0.0
Jbal El-Botm,62279,13.7017543859649,45.0,0.0
Mazraat Tayr Semhat,62281,14.2095238095238,44.0,0.2
Borj Rahhal,62283,13.1428571428571,55.0,0.0
Marnba,62284,15.0238095238095,44.0,0.547619047619048
Chihine,62285,14.047619047619,55.0,0.0
Zebqine,62286,13.8072562358277,45.0,0.0
Qlaileh Sour,62287,13.7074829931973,55.0,0.0306122448979592
Aain Abou Abdallah,62291,13.1587301587302,52.5,0.0
Jibbayn,62292,14.1071428571429,55.0,0.0
Henniyeh,62293,13.8095238095238,55.0,0.0238095238095238
Aaziyeh,62294,13.7489177489177,55.0,0.0216450216450216
Tayr Harfa,62295,14.0634920634921,55.0,0.0
Mansouri Sour,62296,14.0714285714286,55.0,0.0285714285714286
Majdelzoun,62297,13.7619047619048,55.0,0.0
Chamaa,62298,14.2095238095238,55.0,0.0
Iskandarouna Sour,62299,14.5753968253968,55.0,0.0158730158730159
Yarine,62308,14.2698412698413,55.0,0.0
Merouahine,62311,14.1318681318681,45.0,0.0
Borj En-Naqoura,62312,16.2312925170068,55.0,0.0340136054421769
Hamoul,62314,14.8055555555556,55.0,0.0198412698412698
Aalma Ech-Chaab,62316,15.4115646258503,55.0,0.00680272108843537
Jijim,62318,14.452380952381,55.0,0.0
Abou Chech,62319,14.1047619047619,55.0,0.0
Boustane,62321,14.3809523809524,55.0,0.0
Btaychiyeh,62331,14.2380952380952,55.0,0.0
Dhayra,62341,14.2244897959184,55.0,0.0
Mazraat Ez-Zalloutiyeh,62351,14.3015873015873,55.0,0.0
Litige,63001,24.8480596114072,83.5,0.841678595318841
Litige,63002,23.0284470536898,58.0,0.0
Litige,63003,22.6343568616501,74.0,0.0833948805070012
Jezzine,63111,24.5382395382395,83.5,0.051948051948052
Wadi Jezzine,63114,24.5471638330847,74.0,0.350139889312935
Qabaa Jezzine,63117,23.3016491770591,74.0,0.120860316005035
Qaytouleh,63121,23.3238095238095,74.0,0.161904761904762
Bkassine,63124,24.3392857142857,74.0,0.30952380952381
Homsiyeh,63127,23.4427668447846,74.0,0.117978215295702
Aaray,63131,25.5119047619048,83.5,0.523809523809524
Sabbah,63134,23.9463880712766,74.0,0.127376285617147
Haytoura,63137,23.2857142857143,74.0,0.0714285714285714
Ghabbatiyeh,63141,25.4377281981172,83.5,0.941990023254146
Benouati Jezzine,63144,25.3095238095238,74.0,0.714285714285714
Maknounet Jezzine,63147,23.4444444444444,74.0,0.126984126984127
Btedine El-Leqch,63151,23.5555555555556,74.0,0.380952380952381
Roummanet,63154,23.047619047619,58.0,0.0
Machmoucheh,63157,24.6206594337618,74.0,0.218875076402972
Midane Jezzine,63161,24.1309523809524,83.5,0.880952380952381
Jabal Toura,63164,23.6785714285714,74.0,0.0119047619047619
Kfar Houneh,63167,24.5539682539682,60.0,0.0523809523809524
Harf Jezzine,63171,23.952380952381,83.5,0.682539682539683
Behbeh,63174,23.4208456381729,74.0,0.338054475946345
Zhilta,63177,23.4261225666519,58.0,0.0470100745079413
Bhannine,63181,26.047619047619,83.5,1.02380952380952
Aazour,63184,23.2063492063492,74.0,0.19047619047619
Taaid,63187,23.4761904761905,74.0,0.669715754412833
Bisri,63191,22.8857142857143,83.5,0.838095238095238
Mazraat Er-Rouhbane,63194,22.952380952381,58.0,0.0
Kfar Falous,63211,18.9821428571429,72.333333,0.738095238095238
A'ain El-Mir (El Establ),63214,18.2619047619048,74.0,0.595238095238095
Mrah El-Hbasse,63217,17.7142857142857,74.0,0.69047619047619
Bayssour Jezzine,63221,17.047619047619,74.0,0.619047619047619
Haytouleh,63224,18.3333333333333,62.0,0.952380952380952
Lebaa,63227,17.1904761904762,62.0,0.571428571428572
Mharbiyeh,63231,16.7301587301587,74.0,0.682539682539682
Ouadi El-Laymoun,63234,18.3333333333333,74.0,0.761904761904762
Sfaray,63237,20.1428571428571,74.0,0.601190476190476
Hassaniyeh,63241,17.2134289263354,62.0,0.907961129666071
Karkha,63244,17.1507936507937,72.333333,0.880952380952381
Choualiq Jezzine,63247,16.7619047619048,62.0,0.476190476190476
Ouadi Baanqoudaine,63251,16.389186068718,74.0,0.502920392283393
Mjaydel Jezzine,63254,15.9183673469388,62.0,0.707482993197279
Dahr Ed-Deir,63257,20.8969456180655,62.0,0.514674101917924
Jensnaya,63261,16.0238095238095,62.0,0.547619047619048
Rimat,63264,20.7619047619048,62.0,0.468253968253968
Kfar Jarra,63267,16.0467518985918,62.0,0.478183632544259
Saydoun,63271,21.3174603174603,62.0,0.206349206349206
Anane,63274,20.4603174603175,83.5,0.682539682539682
Roum,63277,22.0340136054422,74.0,0.251700680272109
Hidab,63281,22.1585756023359,74.0,0.178229374147416
Deir El Qattine,63284,22.8299183741331,74.0,0.173654850725161
Sanaya,63287,22.4880952380952,58.0,0.142857142857143
Qtaleh Jezzine,63291,20.8095238095238,83.5,0.833333333333333
Jernaya,63294,19.0119047619048,55.333333,0.607142857142857
Mazraat El-Mathane,63297,22.2523397339012,83.5,1.07852362689465
Srayri,63298,24.8809523809524,36.666667,0.541666666666667
Aaramta,63311,24.1005291005291,74.0,0.0687830687830688
Mlikh,63315,23.3061224489796,58.0,0.0748299319727891
Rihane Jezzine,63319,23.6277056277056,58.0,0.108225108225108
Mazraat,63323,23.047619047619,58.0,0.0793650793650794
Qatrani,63327,23.8690476190476,43.5,0.142857142857143
Louayzet Jezzine,63331,22.1904761904762,58.0,0.0317460317460317
Mazraat Khallet Khazen,63335,24.0952380952381,74.0,0.396825396825397
Mazraat Qrouh,63339,24.5079365079365,74.0,0.238095238095238
Mazraat Zighrine Jezzine,63343,23.6507936507937,58.0,0.174603174603175
Chbail,63347,24.1845238095238,33.75,0.523809523809524
Mazraat Louzid (Louayziyeh),63348,23.9047619047619,74.0,0.547619047619048
Sehjoud,63351,22.3412698412698,58.0,0.0396825396825397
Aaychiyeh,63355,23.8380952380952,49.5,0.647619047619048
Maraat Ouazaiyeh,63359,24.2063492063492,49.5,0.968253968253968
Ouardiyeh,63363,24.1904761904762,49.5,0.952380952380952
Mazraat El-Aarqoub,63367,22.6904761904762,58.0,0.333333333333333
Mahmoudiyeh Jezzine,63371,23.352380952381,49.5,1.19047619047619
Jarmaq,63375,20.9251700680272,58.0,0.959183673469388
Mazraat Daraya,63378,24.1020408163265,43.5,0.108843537414966
Demachqiyeh,63379,21.984126984127,47.0,1.41269841269841
Mazraat Tamra,63383,22.0582555135899,47.0,1.78821230192107
Bouslaya,63385,21.2142857142857,55.333333,0.261904761904762
Nabatieh Et-Tahta,71111,17.5833333333333,42.0,0.444444444444444
Nabatiyeh El-Faouka,71113,18.8181818181818,42.0,0.601731601731602
Aali Et-Taher,71115,19.9047619047619,58.0,0.452380952380952
Mazraat Kfarjaouz,71117,17.4285714285714,42.0,0.444444444444444
Zibdine En-Nabatiyeh,71122,16.25,42.0,0.297619047619048
Kfar Roummane,71133,20.4690476190476,58.0,0.480952380952381
Choukine,71144,16.0952380952381,42.0,0.261904761904762
Habbouch En-Nabatiyeh,71155,18.347619047619,42.0,0.538095238095238
Kfar Tibnit,71166,20.5064935064935,58.0,0.805194805194805
Kfour En-Nabatieh,71177,16.2640692640693,42.0,0.359307359307359
Jbaa En-Nabatiyeh,71211,22.2195767195767,55.333333,0.12962962962963
Aain Bou Souar,71216,21.7932447619211,58.0,0.0389101819125989
Kfarfila,71221,20.2142857142857,55.333333,0.563492063492063
Aain Qana,71226,20.312925170068,42.0,0.319727891156463
Jarjouaa,71231,21.4761904761905,58.0,0.163265306122449
Sarba En-Nabatieh,71236,17.6190476190476,55.333333,0.371428571428571
Mzaraat El-Khreibeh,71241,17.0952380952381,46.0,0.380952380952381
Houmine El-Faouqa,71246,19.25,42.0,0.5
Hmaileh,71251,17.0952380952381,42.0,0.452380952380952
Aarab Salim,71256,20.5047619047619,58.0,0.6
Roumine,71261,16.1360544217687,46.0,0.319727891156463
Houmine Et-Tahta,71266,15.7278911564626,46.0,0.217687074829932
Aazzi,71271,16.0714285714286,46.0,0.246031746031746
Bfaroueh,71276,15.2789115646258,46.0,0.149659863945578
Zefta,71281,14.8809523809524,46.0,0.0
Deir Ez-Zahrani,71311,16.4315476190476,42.0,0.318452380952381
Mazraat El-Bayad En-Nabatieh,71314,18.015873015873,42.0,0.571428571428571
Charqiyeh,71321,15.0,46.0,0.0714285714285714
Toul,71324,15.6952380952381,42.0,0.295238095238095
Nmairiyeh,71327,14.5767195767196,46.0,0.0317460317460317
Harouf En-Nabatiyeh,71331,15.5357142857143,42.0,0.19047619047619
Douair En-Nabatiyeh,71334,14.4183673469388,42.0,0.0680272108843537
Jibchit,71337,15.2539682539683,42.0,0.111111111111111
Mazraat Chalbaal,71341,13.5714285714286,46.0,0.0
Mayfadoun,71344,17.108843537415,42.0,0.448979591836735
Aadchit Ech-Chqif,71347,14.6190476190476,42.0,0.0476190476190476
Aabba,71351,13.7705627705628,42.0,0.0173160173160173
Kfar Djal En-Nabatiyeh,71354,15.5238095238095,42.0,0.158730158730159
Mazraat Dmoul,71357,13.4404761904762,46.0,0.0
Ansar,71361,13.1950113378685,46.0,0.0
Zaoutar El-Gharbiyeh,71364,16.5661375661376,33.5,0.481481481481481
Zaoutar Ech-Charqiyeh,71367,17.6190476190476,33.5,0.658730158730159
Hamra En-Nabattiyeh,71371,19.3412698412698,33.5,0.555555555555556
Qsaibet En-Nabatiyeh,71374,14.047619047619,42.0,0.0136054421768707
Arnoun,71377,21.1587301587302,47.0,0.915343915343915
Qaaqaaiyet Ej-Jisr,71381,15.6796536796537,39.25,0.411255411255411
Mazraat Qalaat El-Meis,71384,13.1666666666667,46.0,0.0
Mazraat Bsaffour,71386,13.5428571428571,46.0,0.0
Braiqeaa,71387,13.5059523809524,46.0,0.0
Kfar Sir,71391,14.1648351648352,48.5,0.197802197802198
Yohmor En-Nabatiyeh,71394,20.7282913165266,33.5,0.935574229691877
Sir El-Gharbiyeh,71397,13.2380952380952,49.0,0.0297619047619048
Bent Jbayl,72111,17.012987012987,35.0,0.766233766233766
Aaynata Bent Jbayl,72119,17.0873015873016,35.0,0.714285714285714
Maroun Er-Ras,72127,17.3896103896104,35.0,1.13852813852814
Salhani,72135,14.1746031746032,45.0,0.0
Aain Ibl,72143,16.1785714285714,35.0,0.770833333333333
Aaintaroun,72151,18.7671957671958,30.0,1.55555555555556
Yaroun,72159,17.002380952381,35.0,1.30714285714286
Rmaich,72167,16.6471861471862,35.0,1.14935064935065
Qatmoun,72175,17.3571428571429,35.0,1.23809523809524
Aayta Ech-Chaab,72183,15.1258503401361,35.0,0.374149659863946
Ramyet Bent Jbayl,72191,14.5396825396825,45.0,0.0634920634920635
Tibnine,72211,14.647619047619,35.0,0.0476190476190476
Soultaniyet Bent Jbayl,72214,14.3699633699634,45.0,0.010989010989011
Safad Al-Battikh,72217,16.4047619047619,35.0,0.19047619047619
Jmaijmeh,72221,16.4404761904762,30.0,0.178571428571429
Aaita Ej-Jabal,72224,15.1369047619048,35.0,0.113095238095238
Baraachit,72227,16.6845238095238,35.0,0.226190476190476
Chaqra,72229,17.4081632653061,30.0,0.510204081632653
Haddatha,72231,14.5619047619048,35.0,0.0952380952380952
Khirbet Selm,72234,15.0190476190476,38.333333,0.0476190476190476
Beit Yahoun,72237,16.0380952380952,35.0,0.180952380952381
Haris,72241,14.047619047619,35.0,0.00432900432900433
Deir Ntar,72244,13.9428571428571,45.0,0.0
Kfar Dounine,72247,14.2294372294372,45.0,0.0
Kounine,72251,17.0738095238095,30.0,0.633333333333333
Tiri,72254,15.1731601731602,35.0,0.212121212121212
Kafra Bant Jbayl,72257,13.7857142857143,45.0,0.0
Qalaouiyeh,72261,15.3809523809524,38.333333,0.0476190476190476
Borj qalaouiyeh,72264,15.5,38.333333,0.19047619047619
Srobbine,72267,14.2063492063492,35.0,0.0555555555555556
Rachaf,72271,14.6571428571429,35.0,0.0857142857142857
Ghandouriyet Bent Jbayl,72274,16.3537414965986,38.333333,0.496598639455782
Froun,72276,15.7278911564626,39.25,0.408163265306122
Yater,72277,14.032967032967,45.0,0.0
Debl,72281,15.2727272727273,35.0,0.324675324675325
Hanine,72284,15.6809523809524,35.0,0.638095238095238
Beit Lif,72287,14.5047619047619,35.0,0.114285714285714
Qaouzah,72291,14.7248677248677,35.0,0.137566137566138
Marjaayoun,73111,24.6623376623377,25.0,0.861471861471861
Boueyda Marjaayoun,73116,23.7802197802198,49.5,1.11355311355311
Dibbine,73119,24.5873015873016,25.0,0.666666666666667
Ibl Es-Saqi,73127,25.0190476190476,24.0,1.46666666666667
Blat Marjaayoun,73135,24.9264069264069,40.666667,0.852813852813853
Mazraat Doumiat,73143,22.4761904761905,47.0,2.02380952380952
Borj El-Moulouk,73146,23.8367346938775,25.0,0.945578231292517
Qlaiaa,73151,23.4017857142857,33.5,1.11309523809524
Khiyam Marjaayoun,73159,25.2519201228879,24.0,1.53302611367128
Aain Aarab Marjaayoun,73162,25.9523809523809,24.0,3.63095238095238
Deir Mimas,73167,22.8015873015873,33.5,1.17460317460317
Mazraat Sarada,73175,25.9761904761905,25.0,2.23809523809524
Houra,73183,24.031746031746,25.0,1.11111111111111
Aamra,73191,26.2767857142857,24.0,4.02083333333333
Aadaysseh Marjaayoun,73211,22.3333333333333,25.0,0.428571428571429
Bany haiyane,73226,19.1666666666667,25.0,0.726190476190476
Kfar Kila,73228,23.25,25.0,0.699404761904762
Deir Siriane,73230,20.2761904761905,33.5,0.752380952380952
Taybet Matjaayoun,73232,21.3636363636364,33.5,0.692640692640693
Houla,73234,20.7074829931973,30.0,0.580498866213152
Talloussa,73244,18.9319727891156,25.0,0.680272108843537
Markaba,73245,20.4952380952381,25.0,0.438095238095238
Mhaibib,73248,20.6031746031746,30.0,1.27777777777778
Meiss Ej-Jabal,73250,20.684126984127,30.0,0.90952380952381
Aadchit El-Qoussair,73256,19.0584415584416,30.0,0.614718614718615
Rabb Et-Tlatine,73257,20.9107142857143,25.0,0.482142857142857
Qabrikha,73262,18.0340136054422,30.0,0.578231292517007
Qantara,73276,17.9285714285714,30.0,0.619047619047619
Majdel Selm,73279,17.6755952380952,30.0,0.443452380952381
Saouanet Marjayoun,73280,16.5892857142857,30.0,0.25
Touline,73282,16.5952380952381,30.0,0.371428571428571
Blida,73288,20.7886904761905,30.0,1.94047619047619
Aalmane Marjaayoun,73293,18.3703703703704,34.0,0.714285714285714
Hasbaiya,74111,25.3698412698413,18.0,1.41587301587302
Abou Qamha,74112,25.1111111111111,23.0,2.01587301587302
Aain Jarfa,74114,25.2666666666667,23.0,1.59047619047619
Fardis Hasbaiya,74116,25.2460317460317,24.0,2.14285714285714
Rachaiya El-Foukhar,74118,25.4761904761905,24.0,1.83730158730159
Kfar Hamam,74120,25.5,23.0,1.51785714285714
Hebbariyeh,74122,25.2567287784679,23.0,1.2008281573499
Chouaya Hasbaiya,74124,27.2197802197802,16.0,0.483516483516483
Aain Qinia,74126,25.9238095238095,23.0,1.0952380952381
Meimes,74128,26.6147186147186,18.0,1.63419913419913
Chebaa,74130,26.9639953542393,16.0,0.203252032520325
Marj Ez-Zouhour (Haouch El-Qinnaabeh),74131,29.5502645502645,15.0,1.88888888888889
Kaoukaba Hasbaiya,74133,24.9387755102041,24.0,1.06802721088435
Salaiyeb,74141,26.7261904761905,24.0,5.48809523809524
Bourghos,74155,24.968253968254,40.666667,1.25396825396825
Meri,74158,25.5079365079365,24.0,3.83597883597884
Kfar Chouba,74160,25.4825396825397,23.0,1.13650793650794
Khalouet Hasbaiya,74168,28.593253968254,16.0,0.535714285714286
Kfayr Ez-Zait,74175,28.668430335097,15.0,1.39329805996473
Majidiyeh Hasbaiya,74177,25.9285714285714,24.0,3.84353741496599
Dellafeh,74179,25.3095238095238,36.666667,1.14285714285714
Khreibet Hasbaiya,74181,25.4761904761905,24.0,2.6031746031746
