ADM3_Name,ACS_Code,Inter-sectarian and inter-communal conflict incidents,Number of violent incidents,Number of crime incidents,Number of fatalities in tension incidents,Fear of traveling within Lebanon safely,Feeling lack of safety during the night
Conflict,0,13.0,862.0,191.0,81.0,35.0,64.8
Conflict,0,13.0,862.0,191.0,81.0,35.0,64.8
Conflict,0,13.0,862.0,191.0,81.0,35.0,64.8
Conflict,0,13.0,862.0,191.0,81.0,35.0,64.8
Conflict,0,0.0,111.0,9.0,4.0,59.5,67.7
Conflict,0,13.0,862.0,191.0,81.0,35.0,64.8
Conflict,0,13.0,862.0,191.0,81.0,35.0,64.8
Conflict,0,0.0,111.0,9.0,4.0,59.5,67.7
Conflict,0,3.0,237.0,45.0,33.0,84.2,64.6
Conflict,0,1.0,1583.0,40.0,114.0,91.4,90.3
Conflict,0,13.0,862.0,191.0,81.0,35.0,64.8
Conflict,0,1.0,1262.0,25.5,60.0,95.05,79.95
Conflict,0,0.0,111.0,9.0,4.0,59.5,67.7
Conflict,0,13.0,862.0,191.0,81.0,35.0,64.8
Conflict,0,13.0,862.0,191.0,81.0,35.0,64.8
Conflict,0,13.0,862.0,191.0,81.0,35.0,64.8
Conflict,0,7.5,93.5,61.0,17.0,72.4,49.45
Ain el-Mreisseh,10110,16.0,212.0,500.0,14.0,94.2,45.5
Ras Beyrouth,10150,16.0,212.0,500.0,14.0,94.2,45.5
Moussaytbeh,10210,21.0,319.5,598.5,36.0,93.35,22.75
Minet el-Hosn,10250,16.0,212.0,500.0,14.0,94.2,45.5
Mazraa,10310,21.0,319.5,598.5,36.0,93.35,22.75
Bachoura,10350,16.0,212.0,500.0,14.0,94.2,45.5
Zoukak el-Blatt,10410,16.0,212.0,500.0,14.0,94.2,45.5
Marfaa,10450,16.0,212.0,500.0,14.0,94.2,45.5
Saifeh,10510,16.0,212.0,500.0,14.0,94.2,45.5
Remeil,10550,15.0,108.0,340.0,16.5,96.75,42.15
Medawar,10610,15.0,108.0,340.0,16.5,96.75,42.15
Achrafieh,10650,18.666667,214.333333,459.0,30.333333,95.333333,28.1
Beirut Central District,10999,16.0,212.0,500.0,14.0,94.2,45.5
Chiyah,21111,21.0,319.5,598.5,36.0,93.35,22.75
Furn Ech-Chebbak,21133,18.666667,214.333333,459.0,30.333333,95.333333,28.1
Haret Hreik,21144,26.0,427.0,697.0,58.0,92.5,0.0
Laylakeh,21166,20.5,275.5,423.5,38.5,92.95,29.3
Bourj El-Brajneh,21177,26.0,427.0,697.0,58.0,92.5,0.0
Tahouitat El Ghadir,21188,20.5,275.5,423.5,38.5,92.95,29.3
Baabda,21211,20.0,215.5,438.5,38.5,95.9,19.4
Hadath Beyrouth,21219,20.5,275.5,423.5,38.5,92.95,29.3
Boutchay,21227,26.0,427.0,697.0,58.0,92.5,0.0
Merdache,21235,26.0,427.0,697.0,58.0,92.5,0.0
Louayzeh Baabda,21243,20.0,215.5,438.5,38.5,95.9,19.4
Kfar Chima,21251,20.5,275.5,423.5,38.5,92.95,29.3
Ouadi Chahrour Es-Soufla,21259,20.5,275.5,423.5,38.5,92.95,29.3
Ouadi Chahrour El Aaoulia,21267,20.5,275.5,423.5,38.5,92.95,29.3
Haret Es-Sit,21275,20.5,275.5,423.5,38.5,92.95,29.3
Bsaba Baabda,21283,20.5,275.5,423.5,38.5,92.95,29.3
Baalchmay,21311,20.5,275.5,423.5,38.5,92.95,29.3
Aain Mouaffaq,21314,26.0,427.0,697.0,58.0,92.5,0.0
Rouayssrt El-Ballout,21317,26.0,427.0,697.0,58.0,92.5,0.0
Mzairaa Baabda,21321,26.0,427.0,697.0,58.0,92.5,0.0
Hlaliyeh Baabda,21324,26.0,427.0,697.0,58.0,92.5,0.0
Haret Hamzeh,21327,20.5,275.5,423.5,38.5,92.95,29.3
Qtaleh Baabda,21331,26.0,427.0,697.0,58.0,92.5,0.0
Ras El-Href,21334,20.5,275.5,423.5,38.5,92.95,29.3
Deir Khouna,21337,26.0,427.0,697.0,58.0,92.5,0.0
Aabadiyeh,21341,18.333333,185.0,342.333333,32.0,95.066667,32.466667
Qrayet Baabda,21344,20.5,275.5,423.5,38.5,92.95,29.3
Chmeisset Baabda,21347,26.0,427.0,697.0,58.0,92.5,0.0
Ras El Matn,21351,20.0,215.5,438.5,38.5,95.9,19.4
Chouit,21354,18.333333,185.0,342.333333,32.0,95.066667,32.466667
Qobbayaa,21357,20.5,275.5,423.5,38.5,92.95,29.3
Qordata,21361,20.0,215.5,438.5,38.5,95.9,19.4
Qsaibeh Baabda,21364,20.0,215.5,438.5,38.5,95.9,19.4
Deir El-harf,21367,26.0,427.0,697.0,58.0,92.5,0.0
Aaraiya,21371,18.333333,185.0,342.333333,32.0,95.066667,32.466667
Zandouqa,21374,20.0,215.5,438.5,38.5,95.9,19.4
Kneisset Baabda,21377,20.0,215.5,438.5,38.5,95.9,19.4
Aarbaniyeh,21381,20.0,215.5,438.5,38.5,95.9,19.4
Dlaybeh,21391,20.0,215.5,438.5,38.5,95.9,19.4
Salima Baabda,21394,20.0,215.5,438.5,38.5,95.9,19.4
Hasbaiya El-Matn,21397,20.0,215.5,438.5,38.5,95.9,19.4
Hammana,21411,18.666667,209.0,320.0,35.666667,90.4,29.933333
Qalaat Baabda,21416,26.0,427.0,697.0,58.0,92.5,0.0
Khalouat Baabda,21421,26.0,427.0,697.0,58.0,92.5,0.0
Chbaniyeh,21426,20.5,275.5,423.5,38.5,92.95,29.3
Khreibet Baabda,21431,26.0,427.0,697.0,58.0,92.5,0.0
Bmaryam,21436,26.0,427.0,697.0,58.0,92.5,0.0
Btekhnay,21441,26.0,427.0,697.0,58.0,92.5,0.0
Falougha,21446,20.5,251.5,405.0,44.0,88.9,15.6
Btibyat,21451,26.0,427.0,697.0,58.0,92.5,0.0
Qornayel,21456,26.0,427.0,697.0,58.0,92.5,0.0
Jouar El-Haouz,21461,20.0,215.5,438.5,38.5,95.9,19.4
Bzebdine,21466,20.0,215.5,438.5,38.5,95.9,19.4
Arsoun,21471,26.0,427.0,697.0,58.0,92.5,0.0
Kfar Selouane,21476,18.333333,169.0,330.0,35.666667,92.366667,23.333333
Tarchich,21481,18.333333,169.0,330.0,35.666667,92.366667,23.333333
Jouret Arsoun,21487,26.0,427.0,697.0,58.0,92.5,0.0
Litige,22001,14.0,4.0,180.0,19.0,99.3,38.8
Litige,22002,14.0,4.0,180.0,19.0,99.3,38.8
Bourj Hammoud,22111,15.0,108.0,340.0,16.5,96.75,42.15
Sinn El-Fil,22155,18.666667,214.333333,459.0,30.333333,95.333333,28.1
Jdaidet El-Matn,22211,14.0,4.0,180.0,19.0,99.3,38.8
Baouchriyeh,22228,14.0,4.0,180.0,19.0,99.3,38.8
Deir mar Roukoz,22245,14.0,4.0,180.0,19.0,99.3,38.8
Dekouaneh,22262,14.0,4.0,180.0,19.0,99.3,38.8
Mkalles,22279,20.0,215.5,438.5,38.5,95.9,19.4
Antelias,22311,14.0,4.0,180.0,19.0,99.3,38.8
Menqlet Mezher,22319,14.0,4.0,180.0,19.0,99.3,38.8
Jall Ed-Did,22327,14.0,4.0,180.0,19.0,99.3,38.8
Naqqach,22335,14.0,4.0,180.0,19.0,99.3,38.8
Aamaret Chalhoub,22343,14.0,4.0,180.0,19.0,99.3,38.8
Zalqa,22351,14.0,4.0,180.0,19.0,99.3,38.8
Byaqout,22359,14.0,4.0,180.0,19.0,99.3,38.8
Mazraat El-Hdaira,22367,14.0,4.0,180.0,19.0,99.3,38.8
Dbayeh,22375,14.0,4.0,180.0,19.0,99.3,38.8
Haret El-Ballane,22383,14.0,4.0,180.0,19.0,99.3,38.8
Mazraat Deir Aaoukar,22391,14.0,4.0,180.0,19.0,99.3,38.8
Mansouriyet El-Matn,22411,20.0,215.5,438.5,38.5,95.9,19.4
Daychouniyeh,22415,20.0,215.5,438.5,38.5,95.9,19.4
Fanar,22419,14.0,4.0,180.0,19.0,99.3,38.8
Aain Saadeh,22423,14.0,4.0,180.0,19.0,99.3,38.8
Roumieh,22427,14.0,4.0,180.0,19.0,99.3,38.8
Bqennaya,22431,14.0,4.0,180.0,19.0,99.3,38.8
Majzoub,22435,14.0,4.0,180.0,19.0,99.3,38.8
Bsalim,22439,14.0,4.0,180.0,19.0,99.3,38.8
Nabay,22443,14.0,4.0,180.0,19.0,99.3,38.8
Mtayleb,22447,14.0,4.0,180.0,19.0,99.3,38.8
Beit El-Kekko,22451,14.0,4.0,180.0,19.0,99.3,38.8
Qornet Chehouane,22455,14.0,4.0,180.0,19.0,99.3,38.8
Beit Ech-Chaar,22459,14.0,4.0,180.0,19.0,99.3,38.8
Dik El-Mehdi,22463,14.0,4.0,180.0,19.0,99.3,38.8
Zouk El-Kharab,22467,12.0,6.0,175.5,18.0,99.65,34.45
Aain Aar,22471,14.0,4.0,180.0,19.0,99.3,38.8
Mazraat Yachouaa,22475,14.0,4.0,180.0,19.0,99.3,38.8
Deir Tamich,22479,12.0,6.0,175.5,18.0,99.65,34.45
Zakrit,22483,14.0,4.0,180.0,19.0,99.3,38.8
Deir Mar Aabda el Mchammar,22487,12.0,6.0,175.5,18.0,99.65,34.45
Bikfaya,22511,14.0,4.0,180.0,19.0,99.3,38.8
Mhaidset Matn,22515,14.0,4.0,180.0,19.0,99.3,38.8
Ouadi Chahine,22519,14.0,4.0,180.0,19.0,99.3,38.8
Aain El-Qach,22523,14.0,4.0,180.0,19.0,99.3,38.8
Mar Boutros Karm Et-Tine,22527,12.0,6.0,175.5,18.0,99.65,34.45
Beit Chabab,22531,12.0,6.0,175.5,18.0,99.65,34.45
Bhersaf,22535,14.0,4.0,180.0,19.0,99.3,38.8
Mayasseh,22539,12.0,6.0,175.5,18.0,99.65,34.45
Aain El-Kharroubeh,22543,14.0,4.0,180.0,19.0,99.3,38.8
Himlaya,22547,12.0,6.0,175.5,18.0,99.65,34.45
Aain Aalaq,22551,14.0,4.0,180.0,19.0,99.3,38.8
Aatchaneh,22555,14.0,4.0,180.0,19.0,99.3,38.8
Chaouiyeh,22559,14.0,4.0,180.0,19.0,99.3,38.8
Aain Et-Teffaha,22563,14.0,4.0,180.0,19.0,99.3,38.8
Sfeilet Bikfaya,22567,12.0,6.0,175.5,18.0,99.65,34.45
Fraikeh,22571,12.0,6.0,175.5,18.0,99.65,34.45
Abou Mizane,22575,14.0,4.0,180.0,19.0,99.3,38.8
Deir Chamra,22579,12.0,6.0,175.5,18.0,99.65,34.45
Hbous,22583,14.0,4.0,180.0,19.0,99.3,38.8
Jouar El-Matn,22587,14.0,4.0,180.0,19.0,99.3,38.8
Chrine,22591,14.0,4.0,180.0,19.0,99.3,38.8
Qornet El-Hamra,22595,12.0,6.0,175.5,18.0,99.65,34.45
Broummana El-Matn,22611,20.0,215.5,438.5,38.5,95.9,19.4
Jouret El-Ballout,22619,14.0,4.0,180.0,19.0,99.3,38.8
Masqa,22627,20.0,215.5,438.5,38.5,95.9,19.4
Aayoun El-Matn,22635,20.0,215.5,438.5,38.5,95.9,19.4
Qennabet Broummana,22643,14.0,4.0,180.0,19.0,99.3,38.8
Mzakkeh,22651,14.0,4.0,180.0,19.0,99.3,38.8
Baabdat,22659,20.0,215.5,438.5,38.5,95.9,19.4
Beit Meri,22667,20.0,215.5,438.5,38.5,95.9,19.4
Dahr Es-Souane El-Matn,22675,14.0,4.0,180.0,19.0,99.3,38.8
Qannebet Salima,22683,20.0,215.5,438.5,38.5,95.9,19.4
Bsifrine,22691,20.0,215.5,438.5,38.5,95.9,19.4
Mtain,22711,15.6,275.4,270.4,41.0,82.42,32.98
Aain Ez-Zeitouneh,22714,14.0,4.0,180.0,19.0,99.3,38.8
Mchikha,22717,20.0,215.5,438.5,38.5,95.9,19.4
Khillet El-Mtain,22722,14.0,4.0,180.0,19.0,99.3,38.8
Bnabil,22724,14.0,4.0,180.0,19.0,99.3,38.8
Aain es-Sofsaf El-Matn,22727,14.0,4.0,180.0,19.0,99.3,38.8
Ouata El-Mrouj,22731,14.0,4.0,180.0,19.0,99.3,38.8
Mrouj,22733,14.0,4.0,180.0,19.0,99.3,38.8
Marjaba,22734,14.0,4.0,180.0,19.0,99.3,38.8
Aain Es-Sindiane,22737,14.0,4.0,180.0,19.0,99.3,38.8
Zaraaoun,22741,14.0,4.0,180.0,19.0,99.3,38.8
Qaaqour,22744,14.0,4.0,180.0,19.0,99.3,38.8
Khinchara,22747,14.0,4.0,180.0,19.0,99.3,38.8
Aintoura El-Matn,22751,20.0,215.5,438.5,38.5,95.9,19.4
Choueir,22754,14.0,4.0,180.0,19.0,99.3,38.8
Bteghrine,22757,14.0,4.0,180.0,19.0,99.3,38.8
Douar El-Matn,22761,14.0,4.0,180.0,19.0,99.3,38.8
Chouaya El-Matn,22764,14.0,4.0,180.0,19.0,99.3,38.8
Aayroun,22767,14.0,4.0,180.0,19.0,99.3,38.8
Zighrine El-Matn,22771,14.0,4.0,180.0,19.0,99.3,38.8
Majdel tarchich,22774,20.0,215.5,438.5,38.5,95.9,19.4
Aain El-Qabu,22777,14.0,4.0,180.0,19.0,99.3,38.8
Kfar Aaqab,22781,14.0,4.0,180.0,19.0,99.3,38.8
Mar Moussa Ed-Douar,22784,14.0,4.0,180.0,19.0,99.3,38.8
Machraah El-Matn,22787,14.0,4.0,180.0,19.0,99.3,38.8
Ouadi El-Karm El-Matn,22791,12.0,6.0,175.5,18.0,99.65,34.45
Zabbougha,22794,12.0,6.0,175.5,18.0,99.65,34.45
Baskinta,22797,12.0,6.0,175.5,18.0,99.65,34.45
Kfar Tay El-Matn,22799,12.0,6.0,175.5,18.0,99.65,34.45
Litige,23001,8.5,96.5,108.5,15.0,95.7,68.2
Litige,23002,8.5,96.5,108.5,15.0,95.7,68.2
Litige,23003,8.5,96.5,108.5,15.0,95.7,68.2
Litige,23004,5.0,130.5,50.0,8.5,91.45,82.05
Litige,23005,2.0,69.0,67.0,11.0,98.0,77.8
Litige,23006,2.0,69.0,67.0,11.0,98.0,77.8
Litige,23007,2.0,400.0,39.5,7.0,93.0,40.8
Damour,23111,8.5,96.5,108.5,15.0,95.7,68.2
Naameh,23141,8.5,96.5,108.5,15.0,95.7,68.2
Mechref,23171,8.5,96.5,108.5,15.0,95.7,68.2
Chhim,23211,2.0,69.0,67.0,11.0,98.0,77.8
Mazboud,23215,2.0,69.0,67.0,11.0,98.0,77.8
Dalhoun,23219,2.0,69.0,67.0,11.0,98.0,77.8
Chammis Ech-Chouf,23223,2.0,69.0,67.0,11.0,98.0,77.8
Daraiya Ech-Chouf,23227,2.0,69.0,67.0,11.0,98.0,77.8
Ketermaya,23231,2.0,69.0,67.0,11.0,98.0,77.8
Maaniyeh,23235,2.0,69.0,67.0,11.0,98.0,77.8
Ouadi Abou Youssef,23237,2.0,69.0,67.0,11.0,98.0,77.8
Aanout,23239,2.0,69.0,67.0,11.0,98.0,77.8
Sibline,23243,2.0,69.0,67.0,11.0,98.0,77.8
Bourjein,23247,2.0,69.0,67.0,11.0,98.0,77.8
Barja,23251,2.0,69.0,67.0,11.0,98.0,77.8
Bkechtine Ouel Mcheiaa,23253,2.0,69.0,67.0,11.0,98.0,77.8
Baassir,23255,2.0,69.0,67.0,11.0,98.0,77.8
Dibbiyeh,23259,2.0,69.0,67.0,11.0,98.0,77.8
Benouati Ech-Chouf,23263,2.0,69.0,67.0,11.0,98.0,77.8
Jiyeh,23267,2.0,69.0,67.0,11.0,98.0,77.8
Jadra,23271,2.0,69.0,67.0,11.0,98.0,77.8
Chmaarine,23275,2.0,69.0,67.0,11.0,98.0,77.8
Dahr Ech-Chouf,23279,2.0,69.0,67.0,11.0,98.0,77.8
Aalmane Ech-Chouf,23311,8.0,762.0,142.0,33.5,96.85,70.05
Jmailiyeh,23316,2.0,69.0,67.0,11.0,98.0,77.8
Rmeilet Ech-Chouf,23321,8.0,762.0,142.0,33.5,96.85,70.05
Majdalouna,23326,2.0,69.0,67.0,11.0,98.0,77.8
Ouardaniyeh,23331,2.0,69.0,67.0,11.0,98.0,77.8
Joun,23336,6.0,751.666667,98.666667,23.333333,93.9,47.966667
Mghairiyeh Ech-Chouf,23341,2.0,69.0,67.0,11.0,98.0,77.8
Deir El-Moukhalles Ech-Chouf,23346,2.0,400.0,39.5,7.0,93.0,40.8
Qreiaa,23351,2.0,69.0,67.0,11.0,98.0,77.8
Bkifa Ech-Chouf,23356,2.0,69.0,67.0,11.0,98.0,77.8
Mazmoura,23361,2.0,69.0,67.0,11.0,98.0,77.8
Mtolleh,23365,2.0,69.0,67.0,11.0,98.0,77.8
Mazraat Es-Dahr,23366,2.0,400.0,39.5,7.0,93.0,40.8
Khirbet Bisri,23371,2.0,400.0,39.5,7.0,93.0,40.8
Jleiliyeh,23376,2.0,69.0,67.0,11.0,98.0,77.8
Zaarouriyeh,23381,2.0,69.0,67.0,11.0,98.0,77.8
Bsaba Ech-Chouf,23386,2.0,69.0,67.0,11.0,98.0,77.8
Beit Ed-Dine,23411,2.0,69.0,67.0,11.0,98.0,77.8
Deir El-Qamar,23413,2.0,69.0,67.0,11.0,98.0,77.8
Kfar Hamal,23415,2.0,69.0,67.0,11.0,98.0,77.8
Semqaniyeh,23417,2.0,69.0,67.0,11.0,98.0,77.8
Kfar Qatra,23419,2.0,69.0,67.0,11.0,98.0,77.8
Maasser Beit Ed-Dine,23421,2.0,69.0,67.0,11.0,98.0,77.8
Bchtfine,23423,8.5,96.5,108.5,15.0,95.7,68.2
Kneisset Ech-Chouf,23425,8.5,96.5,108.5,15.0,95.7,68.2
Aammiq Ech-Chouf,23427,8.5,96.5,108.5,15.0,95.7,68.2
Deir Koucheh,23429,8.5,96.5,108.5,15.0,95.7,68.2
Mazraat Ed-Douair,23431,2.0,69.0,67.0,11.0,98.0,77.8
Kfar Faqoud,23433,8.5,96.5,108.5,15.0,95.7,68.2
Deir Baba,23435,8.5,96.5,108.5,15.0,95.7,68.2
Sirjbal,23437,2.0,69.0,67.0,11.0,98.0,77.8
GHabet Jaafar,23438,2.0,69.0,67.0,11.0,98.0,77.8
Kfar Him,23439,2.0,69.0,67.0,11.0,98.0,77.8
Ouadi Ed-Deir,23441,2.0,69.0,67.0,11.0,98.0,77.8
Ouadi Es-Sitt,23443,2.0,69.0,67.0,11.0,98.0,77.8
Majdel El-Meouch,23445,8.5,96.5,108.5,15.0,95.7,68.2
Dmit,23447,8.5,96.5,108.5,15.0,95.7,68.2
Faouarat Jaafar,23449,2.0,69.0,67.0,11.0,98.0,77.8
Biret Ech-Chouf,23451,8.5,96.5,108.5,15.0,95.7,68.2
Chourit,23453,8.5,96.5,108.5,15.0,95.7,68.2
Kfar hay,23454,8.5,96.5,108.5,15.0,95.7,68.2
Kfar Niss,23455,8.5,96.5,108.5,15.0,95.7,68.2
Bqaiaa Ech-Chouf,23457,2.0,69.0,67.0,11.0,98.0,77.8
Brih,23459,2.0,69.0,67.0,11.0,98.0,77.8
Moughayret Ech-Chouf,23461,2.0,69.0,67.0,11.0,98.0,77.8
Ouarhaniyeh,23463,2.0,69.0,67.0,11.0,98.0,77.8
Fraudis Ech-Chouf,23467,5.0,130.5,50.0,8.5,91.45,82.05
Aain Zhalta,23469,8.333333,128.333333,83.333333,12.0,92.1,74.233333
Baaqline,23511,2.0,69.0,67.0,11.0,98.0,77.8
Deir Dourit,23522,2.0,69.0,67.0,11.0,98.0,77.8
Aainbal,23533,2.0,69.0,67.0,11.0,98.0,77.8
Aathrine,23544,2.0,69.0,67.0,11.0,98.0,77.8
Ouadi bnehlay,23555,2.0,69.0,67.0,11.0,98.0,77.8
Gharifeh,23566,2.0,69.0,67.0,11.0,98.0,77.8
Jahliyeh,23577,2.0,69.0,67.0,11.0,98.0,77.8
Hasrout,23588,2.0,69.0,67.0,11.0,98.0,77.8
Moukhtara,23611,2.0,69.0,67.0,11.0,98.0,77.8
Botmeh,23615,2.0,69.0,67.0,11.0,98.0,77.8
Aain Qania,23619,2.0,69.0,67.0,11.0,98.0,77.8
Jdeidet Ech-Chouf,23623,2.0,69.0,67.0,11.0,98.0,77.8
Niha El-Chouf,23625,4.0,330.666667,37.333333,6.666667,90.3,55.966667
Aain Ouzain,23627,2.0,69.0,67.0,11.0,98.0,77.8
Baadarane,23631,2.0,69.0,67.0,11.0,98.0,77.8
Khereibet Ech-Chouf,23635,5.0,130.5,50.0,8.5,91.45,82.05
Aammatour,23639,2.0,400.0,39.5,7.0,93.0,40.8
Kahlouniet Ech-Chouf,23643,2.0,69.0,67.0,11.0,98.0,77.8
Haret Jandal,23647,2.0,69.0,67.0,11.0,98.0,77.8
Mazraat Ech-Chouf,23651,2.0,400.0,39.5,7.0,93.0,40.8
Kfar Nabrakh,23655,2.0,69.0,67.0,11.0,98.0,77.8
Mristi,23659,5.0,130.5,50.0,8.5,91.45,82.05
Batloun,23663,2.0,69.0,67.0,11.0,98.0,77.8
Maasser Ech-Chouf,23667,5.0,130.5,50.0,8.5,91.45,82.05
Jbaa Ech-Chouf,23671,5.0,130.5,50.0,8.5,91.45,82.05
Bater,23675,2.0,400.0,39.5,7.0,93.0,40.8
Barouk,23679,5.0,130.5,50.0,8.5,91.45,82.05
Bayqoun,23687,2.0,69.0,67.0,11.0,98.0,77.8
Litige,24001,15.0,124.0,150.0,19.0,93.4,58.6
Litige,24002,15.0,124.0,150.0,19.0,93.4,58.6
Litige,24003,15.0,124.0,150.0,19.0,93.4,58.6
Litige,24004,15.0,124.0,150.0,19.0,93.4,58.6
Litige,24005,8.5,96.5,108.5,15.0,95.7,68.2
Litige,24006,8.5,96.5,108.5,15.0,95.7,68.2
Litige,24007,15.0,124.0,150.0,19.0,93.4,58.6
Litige,24008,15.0,124.0,150.0,19.0,93.4,58.6
Litige,24009,8.5,96.5,108.5,15.0,95.7,68.2
Choueifat El-Aamrousiyeh,24111,20.5,275.5,423.5,38.5,92.95,29.3
Choueifat El-Quoubbeh,24133,8.5,96.5,108.5,15.0,95.7,68.2
Choueifat El-Oumara,24155,20.5,275.5,423.5,38.5,92.95,29.3
Deir Qoubel,24177,15.0,124.0,150.0,19.0,93.4,58.6
Aaramoun Aaley,24211,8.5,96.5,108.5,15.0,95.7,68.2
Aain Drafil,24219,8.5,96.5,108.5,15.0,95.7,68.2
Sirhmoul,24227,15.0,124.0,150.0,19.0,93.4,58.6
Baaouerta,24235,8.5,96.5,108.5,15.0,95.7,68.2
Bchamoun,24243,15.0,124.0,150.0,19.0,93.4,58.6
Daqqoun,24251,15.0,124.0,150.0,19.0,93.4,58.6
Aain Aanoub,24259,20.5,275.5,423.5,38.5,92.95,29.3
Blaybel,24267,20.5,275.5,423.5,38.5,92.95,29.3
Houmal,24275,20.5,275.5,423.5,38.5,92.95,29.3
Bdadoun,24283,20.5,275.5,423.5,38.5,92.95,29.3
Bsous,24291,20.5,275.5,423.5,38.5,92.95,29.3
Aaley,24311,20.5,275.5,423.5,38.5,92.95,29.3
Kahhaleh,24313,20.5,275.5,423.5,38.5,92.95,29.3
Qmatiyeh,24315,15.0,124.0,150.0,19.0,93.4,58.6
Aain Er-Roummaneh Aaley,24317,15.0,124.0,150.0,19.0,93.4,58.6
Bmakine,24319,15.0,124.0,150.0,19.0,93.4,58.6
Bkhichtay,24321,15.0,124.0,150.0,19.0,93.4,58.6
Ghaboune,24323,15.0,124.0,150.0,19.0,93.4,58.6
Aain Ej-Jdideh Aaley,24325,20.5,275.5,423.5,38.5,92.95,29.3
Behouara,24327,15.0,124.0,150.0,19.0,93.4,58.6
Aaytat,24329,20.5,275.5,423.5,38.5,92.95,29.3
Souq El-Gharb,24331,15.0,124.0,150.0,19.0,93.4,58.6
Taazaniyeh,24333,15.0,124.0,150.0,19.0,93.4,58.6
Rijmeh,24335,15.0,124.0,150.0,19.0,93.4,58.6
Keyfoun,24337,15.0,124.0,150.0,19.0,93.4,58.6
Chimlane,24339,15.0,124.0,150.0,19.0,93.4,58.6
Kfar Aamay,24341,15.0,124.0,150.0,19.0,93.4,58.6
Bayssour Aaley,24343,15.0,124.0,150.0,19.0,93.4,58.6
Douair Er-Remmaneh,24345,15.0,124.0,150.0,19.0,93.4,58.6
Rouayssat En-Naamane,24347,15.0,124.0,150.0,19.0,93.4,58.6
Mejdlaiya,24349,15.0,124.0,150.0,19.0,93.4,58.6
Aaynab,24351,15.0,124.0,150.0,19.0,93.4,58.6
Chartoun,24353,15.0,124.0,150.0,19.0,93.4,58.6
Bou Zrideh,24355,15.0,124.0,150.0,19.0,93.4,58.6
Dfoun,24357,15.0,124.0,150.0,19.0,93.4,58.6
Richmaiya,24359,8.5,96.5,108.5,15.0,95.7,68.2
Aain Traz,24361,8.5,96.5,108.5,15.0,95.7,68.2
Selfaya,24363,8.5,96.5,108.5,15.0,95.7,68.2
Aaley Bsatine,24365,15.0,124.0,150.0,19.0,93.4,58.6
Rimhala,24367,15.0,124.0,150.0,19.0,93.4,58.6
Binnay,24369,15.0,124.0,150.0,19.0,93.4,58.6
Aain Ksour,24371,15.0,124.0,150.0,19.0,93.4,58.6
Jisr El Qadi,24373,8.5,96.5,108.5,15.0,95.7,68.2
Aabey,24375,15.0,124.0,150.0,19.0,93.4,58.6
Kfar Matta,24377,8.5,96.5,108.5,15.0,95.7,68.2
Bhamdoun El-Mhatta,24411,20.5,275.5,423.5,38.5,92.95,29.3
Bhamdoun Ed-Dayaa,24414,20.5,275.5,423.5,38.5,92.95,29.3
Chanay,24417,15.0,124.0,150.0,19.0,93.4,58.6
Btalloun,24421,15.0,124.0,150.0,19.0,93.4,58.6
Majdel Baana,24424,15.0,124.0,150.0,19.0,93.4,58.6
Saoufar,24427,20.5,275.5,423.5,38.5,92.95,29.3
Aain El Halazoun,24431,15.0,124.0,150.0,19.0,93.4,58.6
Bedghan Oua Ouadi Bedghan,24434,15.0,124.0,150.0,19.0,93.4,58.6
Homs Oua Hama,24437,15.0,124.0,150.0,19.0,93.4,58.6
Mansouriyet Bhamdoun,24441,15.0,124.0,150.0,19.0,93.4,58.6
Mchekhti,24443,8.5,96.5,108.5,15.0,95.7,68.2
Charoun,24444,20.5,275.5,423.5,38.5,92.95,29.3
Btater,24447,15.0,124.0,150.0,19.0,93.4,58.6
Ighmid,24451,8.5,96.5,108.5,15.0,95.7,68.2
Aazouniyeh,24454,20.5,275.5,423.5,38.5,92.95,29.3
Mcherfeh,24457,15.0,124.0,150.0,19.0,93.4,58.6
Habramoun,24461,15.0,124.0,150.0,19.0,93.4,58.6
Bserrine,24464,15.0,124.0,150.0,19.0,93.4,58.6
Ramlieh,24467,8.5,96.5,108.5,15.0,95.7,68.2
Maasrati,24471,8.5,96.5,108.5,15.0,95.7,68.2
Mazraat En-Nahr Aaley,24474,8.5,96.5,108.5,15.0,95.7,68.2
Aain Dara,24477,18.666667,209.0,320.0,35.666667,90.4,29.933333
Mrayjat Aaley,24481,8.5,96.5,108.5,15.0,95.7,68.2
Bmahray,24484,10.0,115.25,90.75,16.5,90.4,63.475
Litige,25001,7.0,10.5,110.0,15.0,59.7,15.8
Litige,25002,11.5,435.0,181.0,49.0,67.5,47.45
Litige,25003,10.0,8.0,171.0,17.0,100.0,30.1
Jounieh Sarba,25111,10.0,8.0,171.0,17.0,100.0,30.1
Zouk Mkayel,25116,10.0,8.0,171.0,17.0,100.0,30.1
Jounie Ghadir,25121,10.0,8.0,171.0,17.0,100.0,30.1
Zouk Mousbeh,25126,12.0,6.0,175.5,18.0,99.65,34.45
Jounie Haret Sakhr,25131,10.0,8.0,171.0,17.0,100.0,30.1
Sahel Aalma,25136,10.0,8.0,171.0,17.0,100.0,30.1
Ouata Sillam,25141,10.0,8.0,171.0,17.0,100.0,30.1
Kfar Yassine,25146,10.0,8.0,171.0,17.0,100.0,30.1
Tabarja,25151,10.0,8.0,171.0,17.0,100.0,30.1
Adma Oua Dafine,25156,10.0,8.0,171.0,17.0,100.0,30.1
Safra Kesrouane,25161,10.0,8.0,171.0,17.0,100.0,30.1
Bouar,25166,10.0,8.0,171.0,17.0,100.0,30.1
Aaqaibeh Kesrouane,25171,10.0,8.0,171.0,17.0,100.0,30.1
Bqaq Ed-Dine,25176,7.0,10.5,110.0,15.0,59.7,15.8
Kharayeb Nahr Ibrahim,25181,7.0,10.5,110.0,15.0,59.7,15.8
Aajaltoun,25211,12.0,6.0,175.5,18.0,99.65,34.45
Balloune,25221,12.0,6.0,175.5,18.0,99.65,34.45
Shayleh Kesrouane,25231,10.0,8.0,171.0,17.0,100.0,30.1
Daraiya Kesrouane,25241,12.0,6.0,175.5,18.0,99.65,34.45
Aain Er-Rihane,25251,10.0,8.0,171.0,17.0,100.0,30.1
Jaaita,25261,12.0,6.0,175.5,18.0,99.65,34.45
Aintoura Kesrouane,25271,10.0,8.0,171.0,17.0,100.0,30.1
Mazraat Er-Ras,25281,12.0,6.0,175.5,18.0,99.65,34.45
Ghazir,25311,10.0,8.0,171.0,17.0,100.0,30.1
Bourj El-Ftouh,25313,10.0,8.0,171.0,17.0,100.0,30.1
Chnanaair,25315,10.0,8.0,171.0,17.0,100.0,30.1
Jdaidet Ghazir,25317,10.0,8.0,171.0,17.0,100.0,30.1
Ghosta,25319,10.0,8.0,171.0,17.0,100.0,30.1
Maarab,25321,10.0,8.0,171.0,17.0,100.0,30.1
Dlebta,25323,10.0,8.0,171.0,17.0,100.0,30.1
Batha,25325,10.0,8.0,171.0,17.0,100.0,30.1
Aaramoun Kesrouane,25327,10.0,8.0,171.0,17.0,100.0,30.1
Kfour Kesrouane,25329,10.0,8.0,171.0,17.0,100.0,30.1
Ghidras,25331,10.0,8.0,171.0,17.0,100.0,30.1
Harharaya,25333,10.0,8.0,171.0,17.0,100.0,30.1
Deir Baqlouch,25335,10.0,8.0,171.0,17.0,100.0,30.1
Bzoummar,25337,10.0,8.0,171.0,17.0,100.0,30.1
Harissa Kesrouane,25339,10.0,8.0,171.0,17.0,100.0,30.1
Nammoura Kesrouane,25341,10.0,8.0,171.0,17.0,100.0,30.1
Ghineh,25343,10.0,8.0,171.0,17.0,100.0,30.1
Hsayn,25345,10.0,8.0,171.0,17.0,100.0,30.1
Daraaoun,25347,10.0,8.0,171.0,17.0,100.0,30.1
Hayata,25349,10.0,8.0,171.0,17.0,100.0,30.1
Chahtoul,25351,10.0,8.0,171.0,17.0,100.0,30.1
Zaaitreh,25353,10.0,8.0,171.0,17.0,100.0,30.1
Jouret E-Tourmos,25355,10.0,8.0,171.0,17.0,100.0,30.1
Maaysra Kesrouane,25357,10.0,8.0,171.0,17.0,100.0,30.1
Jouret Mhad,25359,10.0,8.0,171.0,17.0,100.0,30.1
Aazra ouel Aazr,25361,10.0,8.0,171.0,17.0,100.0,30.1
Ghbaleh Kesrouane,25363,10.0,8.0,171.0,17.0,100.0,30.1
Jouret Bedrane,25365,10.0,8.0,171.0,17.0,100.0,30.1
Mradiyeh,25367,10.0,8.0,171.0,17.0,100.0,30.1
Bizhel,25369,7.0,10.5,110.0,15.0,59.7,15.8
Nahr Ed-Dahab,25371,7.0,10.5,110.0,15.0,59.7,15.8
Yahchouch,25373,7.0,10.5,110.0,15.0,59.7,15.8
Zaitoun,25375,10.0,8.0,171.0,17.0,100.0,30.1
Ighbeh,25391,10.0,8.0,171.0,17.0,100.0,30.1
Rayfoun,25411,10.0,8.0,171.0,17.0,100.0,30.1
Qleiaat Kesrouane,25415,12.0,6.0,175.5,18.0,99.65,34.45
Mazraat Mrah El-Mir,25419,10.0,8.0,171.0,17.0,100.0,30.1
Aachqout,25423,10.0,8.0,171.0,17.0,100.0,30.1
Faytroun,25427,10.0,8.0,171.0,17.0,100.0,30.1
Beqaata Aachqout,25431,10.0,8.0,171.0,17.0,100.0,30.1
Raachine,25435,10.0,8.0,171.0,17.0,100.0,30.1
Kfar Dibiane,25439,12.0,6.0,175.5,18.0,99.65,34.45
Beqaata Kanaan,25443,12.0,6.0,175.5,18.0,99.65,34.45
Kfar Tay Kesrouane,25447,12.0,6.0,175.5,18.0,99.65,34.45
Bqaatouta,25451,12.0,6.0,175.5,18.0,99.65,34.45
Ouata El-Jaouz,25455,10.0,8.0,171.0,17.0,100.0,30.1
Mayrouba,25459,7.0,10.5,110.0,15.0,59.7,15.8
Aain Ed-Delbeh Kesrouane,25463,10.0,8.0,171.0,17.0,100.0,30.1
Mghayer,25467,10.0,8.0,171.0,17.0,100.0,30.1
Hrajel,25471,7.0,10.5,110.0,15.0,59.7,15.8
Faraya,25475,10.0,8.0,171.0,17.0,100.0,30.1
Chouane,25479,7.0,10.5,110.0,15.0,59.7,15.8
Mchaa Kfar Dibiane,25482,12.333333,291.333333,180.666667,39.0,78.1,44.566667
Mchaa Faraya,25485,10.0,8.0,171.0,17.0,100.0,30.1
Mchaa El Ftouh,25488,9.0,294.333333,137.0,37.0,51.466667,32.133333
Litige,26001,4.0,13.0,49.0,13.0,19.4,1.5
Litige,26002,4.0,13.0,49.0,13.0,19.4,1.5
Litige,26003,4.0,13.0,49.0,13.0,19.4,1.5
Litige,26004,4.0,13.0,49.0,13.0,19.4,1.5
Litige,26005,4.0,13.0,49.0,13.0,19.4,1.5
Litige,26006,4.0,13.0,49.0,13.0,19.4,1.5
Litige,26007,7.0,10.5,110.0,15.0,59.7,15.8
Litige,26008,7.0,10.5,110.0,15.0,59.7,15.8
Litige,26009,4.0,13.0,49.0,13.0,19.4,1.5
Jbayl,26111,4.0,13.0,49.0,13.0,19.4,1.5
Mastita,26117,4.0,13.0,49.0,13.0,19.4,1.5
Qartaboun,26123,4.0,13.0,49.0,13.0,19.4,1.5
Blat Jbeil,26129,4.0,13.0,49.0,13.0,19.4,1.5
Eddeh Jbayl,26135,4.0,13.0,49.0,13.0,19.4,1.5
Aamchit,26141,4.0,13.0,49.0,13.0,19.4,1.5
Halate,26147,7.0,10.5,110.0,15.0,59.7,15.8
Hasrayel,26153,4.0,13.0,49.0,13.0,19.4,1.5
Rihanet Jbayl,26159,4.0,13.0,49.0,13.0,19.4,1.5
Jeoddayel Jbayl,26165,4.0,13.0,49.0,13.0,19.4,1.5
Nahr Ibrahim,26171,7.0,10.5,110.0,15.0,59.7,15.8
Mounsef,26177,4.0,13.0,49.0,13.0,19.4,1.5
Berbara Jbayl,26183,4.0,13.0,49.0,13.0,19.4,1.5
Kfar Kiddeh,26189,4.0,13.0,49.0,13.0,19.4,1.5
Ehmej,26211,4.0,13.0,49.0,13.0,19.4,1.5
Aalmat Ech-Chamliyeh,26212,4.0,13.0,49.0,13.0,19.4,1.5
Mazraat El-Maaden,26213,4.0,13.0,49.0,13.0,19.4,1.5
Aalmat Ej-Jnoubiyeh,26214,4.0,13.0,49.0,13.0,19.4,1.5
Tourzaiya,26215,4.0,13.0,49.0,13.0,19.4,1.5
Ferhet,26217,4.0,13.0,49.0,13.0,19.4,1.5
Michmich Jbayl,26218,4.0,13.0,49.0,13.0,19.4,1.5
Aalita,26219,4.0,13.0,49.0,13.0,19.4,1.5
Souanet Jbayl,26220,4.0,13.0,49.0,13.0,19.4,1.5
Aain Ed-Delbeh Jbayl,26221,4.0,13.0,49.0,13.0,19.4,1.5
Frat,26223,7.0,10.5,110.0,15.0,59.7,15.8
Kfar Baal,26224,4.0,13.0,49.0,13.0,19.4,1.5
Hjoula,26226,4.0,13.0,49.0,13.0,19.4,1.5
Aain Jrain,26227,7.0,10.5,110.0,15.0,59.7,15.8
Hsoun,26229,4.0,13.0,49.0,13.0,19.4,1.5
Mchaneh,26231,7.0,10.5,110.0,15.0,59.7,15.8
Lehfed,26233,4.0,13.0,49.0,13.0,19.4,1.5
Habil,26234,4.0,13.0,49.0,13.0,19.4,1.5
Jouret El-Qattine,26236,4.0,13.0,49.0,13.0,19.4,1.5
Birket Hjoula,26237,4.0,13.0,49.0,13.0,19.4,1.5
Adonis Jbayl,26239,7.0,10.5,110.0,15.0,59.7,15.8
Ras Osta,26241,4.0,13.0,49.0,13.0,19.4,1.5
Bichtlida,26243,4.0,13.0,49.0,13.0,19.4,1.5
Bchille Jbayl,26244,4.0,13.0,49.0,13.0,19.4,1.5
Zibdine Jbayl,26246,4.0,13.0,49.0,13.0,19.4,1.5
Haqel,26247,4.0,13.0,49.0,13.0,19.4,1.5
Kharbet Jbayl,26249,3.5,8.0,42.0,7.5,34.3,1.1
Qottara Jbayl,26251,3.5,8.0,42.0,7.5,34.3,1.1
Brayj Jbayl,26253,4.0,13.0,49.0,13.0,19.4,1.5
Sebrine,26254,4.0,13.0,49.0,13.0,19.4,1.5
Aabaydat,26256,4.0,13.0,49.0,13.0,19.4,1.5
Mayfouq,26257,3.5,8.0,42.0,7.5,34.3,1.1
Behdaydat,26259,4.0,13.0,49.0,13.0,19.4,1.5
Ramout,26261,4.0,13.0,49.0,13.0,19.4,1.5
Saqiet El-Khayt,26263,4.0,13.0,49.0,13.0,19.4,1.5
Kfar Qouas,26264,4.0,13.0,49.0,13.0,19.4,1.5
Fatre,26266,7.0,10.5,110.0,15.0,59.7,15.8
Kfoun,26267,4.0,13.0,49.0,13.0,19.4,1.5
Bintaael,26269,4.0,13.0,49.0,13.0,19.4,1.5
Beit Habbaq,26271,4.0,13.0,49.0,13.0,19.4,1.5
Kafr,26273,4.0,13.0,49.0,13.0,19.4,1.5
Jlisseh,26274,4.0,13.0,49.0,13.0,19.4,1.5
Bejjeh,26276,3.5,8.0,42.0,7.5,34.3,1.1
Ghalboun,26277,4.0,13.0,49.0,13.0,19.4,1.5
Chamate,26279,4.0,13.0,49.0,13.0,19.4,1.5
Hbaline,26281,4.0,13.0,49.0,13.0,19.4,1.5
Bmehrayn,26283,4.0,13.0,49.0,13.0,19.4,1.5
Hboub,26284,4.0,13.0,49.0,13.0,19.4,1.5
Hsarat,26286,4.0,13.0,49.0,13.0,19.4,1.5
Kfar Mashoun,26287,4.0,13.0,49.0,13.0,19.4,1.5
Aain Kfaa,26289,3.5,8.0,42.0,7.5,34.3,1.1
Ghofrine,26291,4.0,13.0,49.0,13.0,19.4,1.5
Maad,26293,3.5,8.0,42.0,7.5,34.3,1.1
Gharzouz,26294,4.0,13.0,49.0,13.0,19.4,1.5
Chikhane,26295,4.0,13.0,49.0,13.0,19.4,1.5
Chmout,26296,4.0,13.0,49.0,13.0,19.4,1.5
Bekhaaz,26297,4.0,13.0,49.0,13.0,19.4,1.5
Fghal,26298,3.5,8.0,42.0,7.5,34.3,1.1
Bayzoun,26299,4.0,13.0,49.0,13.0,19.4,1.5
Qartaba,26311,4.0,13.0,49.0,13.0,19.4,1.5
Mar Sarkis,26314,4.0,13.0,49.0,13.0,19.4,1.5
Aain El-Ghouaybeh,26317,4.0,13.0,49.0,13.0,19.4,1.5
Mazraat Es Siyad,26321,4.0,13.0,49.0,13.0,19.4,1.5
Hdeine,26324,4.0,13.0,49.0,13.0,19.4,1.5
Janneh,26327,4.0,13.0,49.0,13.0,19.4,1.5
Lassa,26331,7.0,10.5,110.0,15.0,59.7,15.8
Seraaiita,26334,4.0,13.0,49.0,13.0,19.4,1.5
Ghabat,26337,4.0,13.0,49.0,13.0,19.4,1.5
Mghayreh Jbeil,26341,4.0,13.0,49.0,13.0,19.4,1.5
Tadmor,26344,4.0,13.0,49.0,13.0,19.4,1.5
Yanouh Jbayl,26347,4.0,13.0,49.0,13.0,19.4,1.5
Qorqraiya,26351,7.0,10.5,110.0,15.0,59.7,15.8
Boulhos,26354,4.0,13.0,49.0,13.0,19.4,1.5
Majdel El-Aqoura,26357,7.0,10.5,110.0,15.0,59.7,15.8
Laqlouq,26361,4.0,13.0,49.0,13.0,19.4,1.5
Afqa Jbayl,26364,7.0,10.5,110.0,15.0,59.7,15.8
Qahmez,26367,7.0,10.5,110.0,15.0,59.7,15.8
Aaqoura,26371,7.5,221.5,111.5,28.25,50.9,24.275
Aarab El-Lahib,26374,3.5,8.0,42.0,7.5,34.3,1.1
Saqi Richmaya,26377,4.0,13.0,49.0,13.0,19.4,1.5
Jaj,26381,4.0,13.0,49.0,13.0,19.4,1.5
Tartij,26384,3.5,8.0,42.0,7.5,34.3,1.1
Hema Mar Maroun Aannaya,26388,4.0,13.0,49.0,13.0,19.4,1.5
Hema Er-Rehban,26390,4.0,13.0,49.0,13.0,19.4,1.5
Aarasta,26392,4.0,13.0,49.0,13.0,19.4,1.5
Trablous Ez-Zeitoun,31111,10.75,46.25,400.75,17.5,83.6,27.875
"Trablous El-Haddadine, El-Hadid, El-Mharta",31116,28.0,117.0,1227.0,46.0,87.8,65.5
Trablous Et-Tell,31121,28.0,117.0,1227.0,46.0,87.8,65.5
Trablous En-Nouri,31126,28.0,117.0,1227.0,46.0,87.8,65.5
Trablous El Mhatra,31131,28.0,117.0,1227.0,46.0,87.8,65.5
Trablous Er-Remmaneh,31136,28.0,117.0,1227.0,46.0,87.8,65.5
Trablous Es-Souayqa,31141,28.0,117.0,1227.0,46.0,87.8,65.5
Trablous El Hadid,31146,28.0,117.0,1227.0,46.0,87.8,65.5
Trablous El-Qobbe,31151,28.0,117.0,1227.0,46.0,87.8,65.5
Trablous Ez-Zahrieh,31156,28.0,117.0,1227.0,46.0,87.8,65.5
Trablous et Tabbaneh,31161,28.0,117.0,1227.0,46.0,87.8,65.5
Trablous jardins,31166,12.333333,60.0,516.666667,21.666667,91.766667,26.133333
Mina N:1,31171,28.0,117.0,1227.0,46.0,87.8,65.5
Mina N:2,31176,28.0,117.0,1227.0,46.0,87.8,65.5
Mina N:3,31181,28.0,117.0,1227.0,46.0,87.8,65.5
Mina Jardin,31186,28.0,117.0,1227.0,46.0,87.8,65.5
Qalamoun,31221,14.0,66.0,653.0,24.0,93.9,36.75
Amioun,32111,0.0,15.0,79.0,2.0,100.0,8.0
Kfar Aaqqa,32113,0.0,15.0,79.0,2.0,100.0,8.0
Kfar Saroun El-Koura,32115,0.0,15.0,79.0,2.0,100.0,8.0
Bechmizzine,32117,0.0,15.0,79.0,2.0,100.0,8.0
Bterram,32119,0.0,15.0,79.0,2.0,100.0,8.0
Bziza,32121,1.0,6.0,40.666667,2.0,52.133333,3.3
Kfar Hazir,32123,1.5,9.0,57.0,2.0,74.6,4.35
Bsarma,32125,3.0,10.0,66.0,3.5,79.55,20.55
Aafsdiq,32127,0.0,15.0,79.0,2.0,100.0,8.0
Dar Chmizzine,32129,0.0,15.0,79.0,2.0,100.0,8.0
Dar Baaechtar,32131,0.0,15.0,79.0,2.0,100.0,8.0
Bhabbouch El-Koura,32133,0.0,7.5,43.5,2.0,53.6,4.6
Ain Aakrine,32135,0.0,15.0,79.0,2.0,100.0,8.0
Kousba,32137,3.0,10.0,66.0,3.5,79.55,20.55
Rechdibbine,32139,2.0,6.666667,46.666667,3.0,55.433333,14.1
Bnehran,32141,0.0,7.5,43.5,2.0,53.6,4.6
Aaba,32143,0.0,15.0,79.0,2.0,100.0,8.0
Bdebba,32145,0.0,15.0,79.0,2.0,100.0,8.0
Fiaa,32147,0.0,15.0,79.0,2.0,100.0,8.0
Majdel el-Koura,32149,1.5,9.0,57.0,2.0,74.6,4.35
Kaftoun,32151,1.5,9.0,57.0,2.0,74.6,4.35
Btaaboura,32153,0.0,15.0,79.0,2.0,100.0,8.0
Kfar Hata El-Koura,32155,1.5,9.0,57.0,2.0,74.6,4.35
Ijdaabrine,32157,1.5,9.0,57.0,2.0,74.6,4.35
Batroumine,32159,0.0,15.0,79.0,2.0,100.0,8.0
Badbhoun,32161,1.5,9.0,57.0,2.0,74.6,4.35
Barghoun,32163,1.5,9.0,57.0,2.0,74.6,4.35
Bednayel El-Koura,32165,0.0,15.0,79.0,2.0,100.0,8.0
Kfar Kahel,32167,3.0,10.0,66.0,3.5,79.55,20.55
Btouratij,32169,0.0,15.0,79.0,2.0,100.0,8.0
Qalhat,32171,0.0,15.0,79.0,2.0,100.0,8.0
Deir El-Balamand,32173,14.0,66.0,653.0,24.0,93.9,36.75
Zakroun,32175,0.0,15.0,79.0,2.0,100.0,8.0
Kafraya El-Koura,32177,1.5,9.0,57.0,2.0,74.6,4.35
Deddeh,32179,14.0,66.0,653.0,24.0,93.9,36.75
Enfeh,32181,1.5,9.0,57.0,2.0,74.6,4.35
Hraiche,32183,14.0,66.0,653.0,24.0,93.9,36.75
Ras Masqa,32185,14.0,66.0,653.0,24.0,93.9,36.75
Barsa,32187,0.0,15.0,79.0,2.0,100.0,8.0
Bkeftine,32189,11.333333,45.666667,453.0,17.666667,82.3,35.533333
Nakhleh,32191,0.0,15.0,79.0,2.0,100.0,8.0
Bqaiaa El-Koura,32193,3.0,10.0,66.0,3.5,79.55,20.55
Zgharta El-Mtaouile,32195,1.0,6.0,40.666667,2.0,52.133333,3.3
Zgharta,33111,6.0,5.0,53.0,5.0,59.1,33.1
Aardat,33113,17.0,61.0,640.0,25.5,73.45,49.3
Kfardlaqous,33115,6.0,5.0,53.0,5.0,59.1,33.1
Rachaaine,33117,7.5,26.5,148.5,11.0,73.3,19.0
Qarah Bach,33119,6.0,5.0,53.0,5.0,59.1,33.1
Kfarhata Zgharta,33121,6.0,5.0,53.0,5.0,59.1,33.1
Arde,33123,6.0,5.0,53.0,5.0,59.1,33.1
Asnoun,33125,6.0,5.0,53.0,5.0,59.1,33.1
Mazraat Ajbeaa,33127,6.0,5.0,53.0,5.0,59.1,33.1
Mejdlaiya Zgharta,33129,14.333333,56.666667,508.0,22.666667,78.133333,34.5
Hariq Zgharta,33131,7.5,26.5,148.5,11.0,73.3,19.0
Aalma,33133,6.0,5.0,53.0,5.0,59.1,33.1
Mazraat Jnaid,33135,6.0,5.0,53.0,5.0,59.1,33.1
Deir Jdeide,33137,6.0,5.0,53.0,5.0,59.1,33.1
Khaldiyeh,33139,6.0,5.0,53.0,5.0,59.1,33.1
Iaal,33141,6.0,5.0,53.0,5.0,59.1,33.1
Kfarhoura,33143,11.333333,45.666667,453.0,17.666667,82.3,35.533333
Kfarzaina,33145,6.0,5.0,53.0,5.0,59.1,33.1
Kfarchakhna,33147,3.0,10.0,66.0,3.5,79.55,20.55
Bsebaal,33149,6.0,5.0,53.0,5.0,59.1,33.1
Sakhra,33151,7.5,26.5,148.5,11.0,73.3,19.0
Houakir,33152,7.5,26.5,148.5,11.0,73.3,19.0
Kfaryachit,33153,6.0,5.0,53.0,5.0,59.1,33.1
Morh Kfarsghab,33155,6.0,5.0,53.0,5.0,59.1,33.1
Bchannine,33157,3.0,10.0,66.0,3.5,79.55,20.55
Bnechaai,33159,6.0,5.0,53.0,5.0,59.1,33.1
Aarjis,33161,6.0,5.0,53.0,5.0,59.1,33.1
Daraiya Zgharta,33163,3.0,10.0,66.0,3.5,79.55,20.55
Kfarfou,33165,6.0,5.0,53.0,5.0,59.1,33.1
Ras Kifa,33167,3.0,10.0,66.0,3.5,79.55,20.55
Karm Saddeh,33169,2.0,6.666667,46.666667,3.0,55.433333,14.1
Tallet Zgharta,33171,6.0,5.0,53.0,5.0,59.1,33.1
Ehden,33211,5.0,17.666667,101.666667,8.0,51.266667,13.066667
Beslouqit,33215,6.0,5.0,53.0,5.0,59.1,33.1
Aintourine,33219,6.0,5.0,53.0,5.0,59.1,33.1
Kfarsghab,33223,3.0,2.5,30.5,3.5,33.15,17.15
Aarbet Qozhaiya,33227,3.0,2.5,30.5,3.5,33.15,17.15
Toula Zgharta,33231,7.5,26.5,148.5,11.0,73.3,19.0
Mazraat Et-Teffah,33235,6.0,5.0,53.0,5.0,59.1,33.1
Bhairet Toula,33239,7.5,26.5,148.5,11.0,73.3,19.0
Ayto,33243,6.0,5.0,53.0,5.0,59.1,33.1
Miziara,33251,7.5,26.5,148.5,11.0,73.3,19.0
Seraal,33255,3.0,2.5,30.5,3.5,33.15,17.15
Sebaal Zgharta,33259,6.0,5.0,53.0,5.0,59.1,33.1
Danha,33263,7.5,26.5,148.5,11.0,73.3,19.0
Aachach,33267,7.5,26.5,148.5,11.0,73.3,19.0
Miriata,33271,6.0,5.0,53.0,5.0,59.1,33.1
Hailan,33275,7.5,26.5,148.5,11.0,73.3,19.0
Boussit,33279,7.5,26.5,148.5,11.0,73.3,19.0
Mzraat Kefraya,33283,7.5,26.5,148.5,11.0,73.3,19.0
Hraiqis,33287,7.5,26.5,148.5,11.0,73.3,19.0
Ijbaa,33291,6.0,5.0,53.0,5.0,59.1,33.1
Litige,34001,1.5,9.0,57.0,2.0,74.6,4.35
Litige,34002,3.0,3.0,35.0,2.0,49.2,0.7
Batroun,34111,3.0,3.0,35.0,2.0,49.2,0.7
Rachana,34122,3.5,8.0,42.0,7.5,34.3,1.1
Thoum,34133,3.5,8.0,42.0,7.5,34.3,1.1
Kfar Aabida,34144,3.0,3.0,35.0,2.0,49.2,0.7
Koubba,34155,3.0,3.0,35.0,2.0,49.2,0.7
Selaata,34166,3.0,3.0,35.0,2.0,49.2,0.7
Heri,34177,1.5,9.0,57.0,2.0,74.6,4.35
Chikka,34188,1.5,9.0,57.0,2.0,74.6,4.35
Dahr Abi Yaghi,34211,3.5,8.0,42.0,7.5,34.3,1.1
Toula El-Batroun,34212,3.5,8.0,42.0,7.5,34.3,1.1
Masrah,34214,3.5,8.0,42.0,7.5,34.3,1.1
Daraya El-Batroun,34215,3.0,3.0,35.0,2.0,49.2,0.7
AAbdelli,34217,3.0,3.0,35.0,2.0,49.2,0.7
Douq,34218,3.0,3.0,35.0,2.0,49.2,0.7
Jrabta El-Batroun,34219,3.5,8.0,42.0,7.5,34.3,1.1
Chibtine,34221,3.0,3.0,35.0,2.0,49.2,0.7
Deir Kfifane,34223,3.0,3.0,35.0,2.0,49.2,0.7
Sghar,34224,3.5,8.0,42.0,7.5,34.3,1.1
Mar Mama,34226,3.5,8.0,42.0,7.5,34.3,1.1
Deir Mar Youssef Jrabta,34227,3.0,3.0,35.0,2.0,49.2,0.7
Mrah Ez Ziyat,34229,3.0,3.0,35.0,2.0,49.2,0.7
Ghouma,34231,3.5,8.0,42.0,7.5,34.3,1.1
Kfifane,34233,3.0,3.0,35.0,2.0,49.2,0.7
Jrane El-Batroun,34234,3.0,3.0,35.0,2.0,49.2,0.7
Mehmarch,34236,3.5,8.0,42.0,7.5,34.3,1.1
Aalali,34237,3.0,3.0,35.0,2.0,49.2,0.7
Smar Jbayl,34239,3.0,3.0,35.0,2.0,49.2,0.7
Kfar Hatna,34241,3.0,3.0,35.0,2.0,49.2,0.7
Zaneh,34243,3.0,3.0,35.0,2.0,49.2,0.7
Ftahat El-Batroun,34244,3.0,3.0,35.0,2.0,49.2,0.7
Kour,34246,3.0,3.0,35.0,2.0,49.2,0.7
Racha,34247,3.5,8.0,42.0,7.5,34.3,1.1
Basbina,34249,3.0,3.0,35.0,2.0,49.2,0.7
Aartiz,34251,3.0,3.0,35.0,2.0,49.2,0.7
Harbouna,34253,3.0,3.0,35.0,2.0,49.2,0.7
Mrah El-Hajj,34254,3.0,3.0,35.0,2.0,49.2,0.7
Mrah Chdid,34256,3.0,3.0,35.0,2.0,49.2,0.7
Kfarb Shlaimane,34257,3.0,3.0,35.0,2.0,49.2,0.7
Edde El-Batroun,34259,3.0,3.0,35.0,2.0,49.2,0.7
Sourat El-Batroun,34261,3.0,3.0,35.0,2.0,49.2,0.7
Assia,34263,3.0,3.0,35.0,2.0,49.2,0.7
Bijdarfil,34264,3.0,3.0,35.0,2.0,49.2,0.7
Ijdabra,34266,3.0,3.0,35.0,2.0,49.2,0.7
Helta,34267,3.0,3.0,35.0,2.0,49.2,0.7
Aabrine,34269,3.0,3.0,35.0,2.0,49.2,0.7
Kfar Hay,34271,1.5,9.0,57.0,2.0,74.6,4.35
Nahleh El-Batroun,34273,3.0,3.0,35.0,2.0,49.2,0.7
Jebla,34274,1.5,9.0,57.0,2.0,74.6,4.35
Rachkida,34276,1.5,9.0,57.0,2.0,74.6,4.35
Boqsmaiya,34277,1.5,9.0,57.0,2.0,74.6,4.35
Daael,34279,1.5,9.0,57.0,2.0,74.6,4.35
Kfar Khollos,34281,3.0,3.0,35.0,2.0,49.2,0.7
Qatnaaoun,34283,3.0,3.0,35.0,2.0,49.2,0.7
Ras Nahhach,34284,1.5,9.0,57.0,2.0,74.6,4.35
Ouajh El-Hajjar,34286,3.0,3.0,35.0,2.0,49.2,0.7
Hamat,34287,1.5,9.0,57.0,2.0,74.6,4.35
Douma,34311,3.5,8.0,42.0,7.5,34.3,1.1
Bcheaali,34316,3.5,8.0,42.0,7.5,34.3,1.1
Beit Chlala,34321,3.0,3.0,35.0,2.0,49.2,0.7
Deir Mar Youhanna EL-Batroun,34326,3.0,3.0,35.0,2.0,49.2,0.7
Bechtoudar,34331,1.5,9.0,57.0,2.0,74.6,4.35
Kfar Hilda,34336,3.0,3.0,35.0,2.0,49.2,0.7
Kfour El-Aarbi,34341,1.5,1.5,21.5,2.0,28.2,0.95
Ram El-Batroun,34346,3.5,8.0,42.0,7.5,34.3,1.1
Hadtoun,34351,3.5,8.0,42.0,7.5,34.3,1.1
Tannourine Et-Tahta,34356,1.5,1.5,21.5,2.0,28.2,0.95
Hardine,34361,1.0,6.0,40.666667,2.0,52.133333,3.3
Chatine,34366,3.5,8.0,42.0,7.5,34.3,1.1
Beit Kassab,34371,1.0,6.0,40.666667,2.0,52.133333,3.3
Deir Billa,34374,1.0,6.0,40.666667,2.0,52.133333,3.3
Niha El-Batroun,34376,1.5,1.5,21.5,2.0,28.2,0.95
Ouata Houb,34381,3.0,3.0,35.0,2.0,49.2,0.7
Tannourine El-Faouqa,34386,5.0,219.5,70.75,24.5,27.7,17.05
Litige,35001,16.0,29.0,344.0,48.0,8.7,38.4
Litige,35002,16.0,29.0,344.0,48.0,8.7,38.4
Litige,35003,16.0,29.0,344.0,48.0,8.7,38.4
Halba,35111,16.0,29.0,344.0,48.0,8.7,38.4
Cheikh Mohammad,35113,16.0,29.0,344.0,48.0,8.7,38.4
Nfisseh,35115,16.0,29.0,344.0,48.0,8.7,38.4
Idbil,35117,16.0,29.0,344.0,48.0,8.7,38.4
Kroum El-Aarab,35119,16.0,29.0,344.0,48.0,8.7,38.4
Cheikh Taba Es-Sahl,35121,16.0,29.0,344.0,48.0,8.7,38.4
Cheikh Taba,35123,16.0,29.0,344.0,48.0,8.7,38.4
Jdidet Ej-Joumeh,35125,16.0,29.0,344.0,48.0,8.7,38.4
Daouret Aakkar,35126,16.0,29.0,344.0,48.0,8.7,38.4
Zouarib,35127,16.0,29.0,344.0,48.0,8.7,38.4
Majdel Akkar,35128,16.0,29.0,344.0,48.0,8.7,38.4
Minyara,35129,16.0,29.0,344.0,48.0,8.7,38.4
Hakour,35131,16.0,29.0,344.0,48.0,8.7,38.4
Karm Aasfour,35133,16.0,29.0,344.0,48.0,8.7,38.4
Mazraat Beit Ghattas,35134,16.0,29.0,344.0,48.0,8.7,38.4
Qantarat Aakkar,35135,16.0,29.0,344.0,48.0,8.7,38.4
Machha,35137,16.0,29.0,344.0,48.0,8.7,38.4
Hayzouq,35139,16.0,29.0,344.0,48.0,8.7,38.4
Aarqa,35141,16.0,29.0,344.0,48.0,8.7,38.4
Souaisset Aakkar,35143,16.0,29.0,344.0,48.0,8.7,38.4
Ilat,35145,16.0,29.0,344.0,48.0,8.7,38.4
Bqerzla,35147,16.0,29.0,344.0,48.0,8.7,38.4
Deir Dalloum,35149,16.0,29.0,344.0,48.0,8.7,38.4
Zouq El Hosniyeh,35151,16.0,29.0,344.0,48.0,8.7,38.4
Zouq El-Hbalsa,35153,16.0,29.0,344.0,48.0,8.7,38.4
Dahr Laissine,35155,16.0,29.0,344.0,48.0,8.7,38.4
Kfar Harra,35157,16.0,29.0,344.0,48.0,8.7,38.4
Balde WaMazraatBaldeh,35158,16.0,29.0,344.0,48.0,8.7,38.4
Zouq El-Hadara,35159,16.0,29.0,344.0,48.0,8.7,38.4
Zouq El-Moqachrine,35161,16.0,29.0,344.0,48.0,8.7,38.4
Jebrayel,35163,16.0,29.0,344.0,48.0,8.7,38.4
Mar Touma,35167,16.0,29.0,344.0,48.0,8.7,38.4
Hedd,35169,16.0,29.0,344.0,48.0,8.7,38.4
Tikrit,35171,16.0,29.0,344.0,48.0,8.7,38.4
Tallet Chattaha,35173,16.0,29.0,344.0,48.0,8.7,38.4
Beit Mellat,35174,16.0,29.0,344.0,48.0,8.7,38.4
Beino,35175,16.0,29.0,344.0,48.0,8.7,38.4
Aayoun Aakkar,35177,16.0,29.0,344.0,48.0,8.7,38.4
Qboula,35179,16.0,29.0,344.0,48.0,8.7,38.4
Chaqdouf,35181,16.0,29.0,344.0,48.0,8.7,38.4
Borj Aakkar,35183,16.0,29.0,344.0,48.0,8.7,38.4
Aaiyat,35185,16.0,29.0,344.0,48.0,8.7,38.4
Aain Yaaqoub,35187,16.0,29.0,344.0,48.0,8.7,38.4
Bezbina,35189,16.0,29.0,344.0,48.0,8.7,38.4
Aakkar El-Aatiqa,35191,16.0,29.0,344.0,48.0,8.7,38.4
Tall Aabbas El-Gharbi,35211,16.0,29.0,344.0,48.0,8.7,38.4
Tall Aabbas Ech-Charqi,35213,16.0,29.0,344.0,48.0,8.7,38.4
Koueikhat,35215,16.0,29.0,344.0,48.0,8.7,38.4
Khreibet Ej-Jindi,35216,16.0,29.0,344.0,48.0,8.7,38.4
Saadine,35217,16.0,29.0,344.0,48.0,8.7,38.4
Haouchab,35219,16.0,29.0,344.0,48.0,8.7,38.4
Hayssa,35221,16.0,29.0,344.0,48.0,8.7,38.4
Hokr Etti,35223,16.0,29.0,344.0,48.0,8.7,38.4
Chir Hmairine,35224,16.0,29.0,344.0,48.0,8.7,38.4
Darine,35225,16.0,29.0,344.0,48.0,8.7,38.4
Sammouniyeh,35227,16.0,29.0,344.0,48.0,8.7,38.4
Massaaoudiyeh,35229,16.0,29.0,344.0,48.0,8.7,38.4
Tall Meaayan Tall Kiri,35231,16.0,29.0,344.0,48.0,8.7,38.4
Qaabrine,35233,16.0,29.0,344.0,48.0,8.7,38.4
Kfar Melki Aakkar,35234,16.0,29.0,344.0,48.0,8.7,38.4
Tall Bireh,35235,16.0,29.0,344.0,48.0,8.7,38.4
Tall Hmayra,35237,16.0,29.0,344.0,48.0,8.7,38.4
Hokr Jouret Srar,35239,16.0,29.0,344.0,48.0,8.7,38.4
Barcha,35241,16.0,29.0,344.0,48.0,8.7,38.4
Qleiaat Aakkar,35243,16.0,29.0,344.0,48.0,8.7,38.4
Kneisset Aakkar,35245,16.0,29.0,344.0,48.0,8.7,38.4
Tall Sebaal,35247,16.0,29.0,344.0,48.0,8.7,38.4
Aabboudiyeh,35249,16.0,29.0,344.0,48.0,8.7,38.4
Mighraq Aakkar,35251,16.0,29.0,344.0,48.0,8.7,38.4
Hokr Ed-Dahri,35253,16.0,29.0,344.0,48.0,8.7,38.4
Marlaya Melhem,35255,16.0,29.0,344.0,48.0,8.7,38.4
Kharnoubet Aakkar,35257,16.0,29.0,344.0,48.0,8.7,38.4
Semmaqli,35259,16.0,29.0,344.0,48.0,8.7,38.4
Mqaiteaa,35261,16.0,29.0,344.0,48.0,8.7,38.4
Janine,35263,16.0,29.0,344.0,48.0,8.7,38.4
Aamaret Aakkar,35265,16.0,29.0,344.0,48.0,8.7,38.4
Cheikh Zennad,35267,16.0,29.0,344.0,48.0,8.7,38.4
Qoubber Chamra,35269,16.0,29.0,344.0,48.0,8.7,38.4
Sammaqiyeh,35271,16.0,29.0,344.0,48.0,8.7,38.4
AAridet Cheikh Zennad,35273,16.0,29.0,344.0,48.0,8.7,38.4
Bebnine,35275,12.5,38.5,294.0,32.5,48.1,21.65
Mhammaret,35277,12.5,38.5,294.0,32.5,48.1,21.65
Rmoul,35281,16.0,29.0,344.0,48.0,8.7,38.4
Sayssouq,35311,16.0,29.0,344.0,48.0,8.7,38.4
Berqayel,35314,16.0,29.0,344.0,48.0,8.7,38.4
Bzal,35316,12.5,38.5,294.0,32.5,48.1,21.65
Qloud El-Baqieh,35317,16.0,29.0,344.0,48.0,8.7,38.4
Dinbou,35318,16.0,29.0,344.0,48.0,8.7,38.4
Chane,35320,16.0,29.0,344.0,48.0,8.7,38.4
Beit Younes,35321,16.0,29.0,344.0,48.0,8.7,38.4
Houaich,35322,16.0,29.0,344.0,48.0,8.7,38.4
Sfaynet El-Qaitaa,35324,12.5,38.5,294.0,32.5,48.1,21.65
Qabaait,35325,12.5,38.5,294.0,32.5,48.1,21.65
Habchit,35326,16.0,29.0,344.0,48.0,8.7,38.4
Sadaqa,35327,16.0,29.0,344.0,48.0,8.7,38.4
Hrar,35328,12.5,38.5,294.0,32.5,48.1,21.65
Khreibet Aakkar,35330,16.0,29.0,344.0,48.0,8.7,38.4
Hmaireh Aakkar,35331,16.0,29.0,344.0,48.0,8.7,38.4
Qraiyat,35334,16.0,29.0,344.0,48.0,8.7,38.4
Beit Ayoub,35337,16.0,29.0,344.0,48.0,8.7,38.4
Qardaf,35341,16.0,29.0,344.0,48.0,8.7,38.4
Jdeidet El-Qaitaa,35344,12.5,38.5,294.0,32.5,48.1,21.65
Aayoun El-Ghizlane,35347,16.0,29.0,344.0,48.0,8.7,38.4
Michmich Aakkar,35351,9.333333,104.666667,211.0,32.666667,60.133333,35.966667
Qornet Aakkar,35352,16.0,29.0,344.0,48.0,8.7,38.4
Fnaydeq,35353,9.5,133.0,194.5,40.5,46.45,51.5
Majdala,35354,16.0,29.0,344.0,48.0,8.7,38.4
Tshea,35356,16.0,29.0,344.0,48.0,8.7,38.4
Rahbeh,35357,16.0,29.0,344.0,48.0,8.7,38.4
Ouadi El-Jamous,35364,16.0,29.0,344.0,48.0,8.7,38.4
Beit El-Haouch,35367,12.5,38.5,294.0,32.5,48.1,21.65
Menneaa,35371,16.0,29.0,344.0,48.0,8.7,38.4
Cheikhlar,35402,16.0,29.0,344.0,48.0,8.7,38.4
Rmah,35404,16.0,29.0,344.0,48.0,8.7,38.4
Kfar Noun,35406,16.0,29.0,344.0,48.0,8.7,38.4
Bardeh,35408,16.0,29.0,344.0,48.0,8.7,38.4
Khirbet Er Remmane,35410,16.0,29.0,344.0,48.0,8.7,38.4
Sindianet Zeidane,35411,16.0,29.0,344.0,48.0,8.7,38.4
Fraydes Aakkar,35412,16.0,29.0,344.0,48.0,8.7,38.4
Mounjez,35414,16.0,29.0,344.0,48.0,8.7,38.4
Qsair Aakkar,35415,16.0,29.0,344.0,48.0,8.7,38.4
Biret Aakkar,35416,16.0,29.0,344.0,48.0,8.7,38.4
Khirbet Daoud Aakkar,35417,16.0,29.0,344.0,48.0,8.7,38.4
Daghleh,35419,16.0,29.0,344.0,48.0,8.7,38.4
Aaouaainat Aakkar,35420,16.0,29.0,344.0,48.0,8.7,38.4
Aamriyet Aakkar,35421,16.0,29.0,344.0,48.0,8.7,38.4
Kafr,35423,16.0,29.0,344.0,48.0,8.7,38.4
Bsatine Aakkar,35425,16.0,29.0,344.0,48.0,8.7,38.4
Aain Ez-Zeit,35427,16.0,29.0,344.0,48.0,8.7,38.4
Kouachra,35429,16.0,29.0,344.0,48.0,8.7,38.4
Khalsa,35430,16.0,29.0,344.0,48.0,8.7,38.4
Khirbet Char,35431,16.0,29.0,344.0,48.0,8.7,38.4
Dibbabiyeh,35432,16.0,29.0,344.0,48.0,8.7,38.4
Berbara Aakkar,35433,16.0,29.0,344.0,48.0,8.7,38.4
Aain Tinta,35435,16.0,29.0,344.0,48.0,8.7,38.4
Machta Hammoud,35437,16.0,29.0,344.0,48.0,8.7,38.4
Baghdadi,35439,16.0,29.0,344.0,48.0,8.7,38.4
Deir Jannine,35441,16.0,29.0,344.0,48.0,8.7,38.4
Douair Aadouiyeh,35443,16.0,29.0,344.0,48.0,8.7,38.4
Noura Et-Tahta,35445,16.0,29.0,344.0,48.0,8.7,38.4
Sfinet Ed-Draib,35447,16.0,29.0,344.0,48.0,8.7,38.4
Aamaret El-Baykat,35449,16.0,29.0,344.0,48.0,8.7,38.4
Msalla,35451,16.0,29.0,344.0,48.0,8.7,38.4
Qachlaq,35453,16.0,29.0,344.0,48.0,8.7,38.4
Ouadi El-Haour,35455,16.0,29.0,344.0,48.0,8.7,38.4
Charbila,35457,16.0,29.0,344.0,48.0,8.7,38.4
Tleil,35459,16.0,29.0,344.0,48.0,8.7,38.4
Mzeihmeh,35461,16.0,29.0,344.0,48.0,8.7,38.4
Haytla,35463,16.0,29.0,344.0,48.0,8.7,38.4
Knisseh,35465,16.0,29.0,344.0,48.0,8.7,38.4
Rihaniyet Aakkar,35467,16.0,29.0,344.0,48.0,8.7,38.4
Saidnaya,35469,16.0,29.0,344.0,48.0,8.7,38.4
Hmaiss Aakkar,35470,16.0,29.0,344.0,48.0,8.7,38.4
Srar,35471,16.0,29.0,344.0,48.0,8.7,38.4
Ghazayleh,35475,16.0,29.0,344.0,48.0,8.7,38.4
Aarmeh,35484,16.0,29.0,344.0,48.0,8.7,38.4
Mazraat En-Nahriyeh,35486,16.0,29.0,344.0,48.0,8.7,38.4
Qbaiyat Aakkar,35487,16.0,29.0,344.0,48.0,8.7,38.4
Aandqet,35498,16.0,29.0,344.0,48.0,8.7,38.4
Dayret Nahr El-Kabir,35511,16.0,29.0,344.0,48.0,8.7,38.4
Aamayer,35512,16.0,29.0,344.0,48.0,8.7,38.4
Hnaider,35514,16.0,29.0,344.0,48.0,8.7,38.4
Kneisset Hnaider,35515,16.0,29.0,344.0,48.0,8.7,38.4
Mazareaa Jabal Akroum,35516,9.5,133.0,194.5,40.5,46.45,51.5
Qarha Aakkar,35518,16.0,29.0,344.0,48.0,8.7,38.4
Mchaa Ej-Jibbé,36110,5.333333,288.333333,78.0,28.333333,30.466667,22.233333
Bcharreh,36111,6.2,230.4,108.2,27.6,54.6,33.72
Qnayouer,36114,3.0,2.5,30.5,3.5,33.15,17.15
Billa,36117,0.0,0.0,8.0,2.0,7.2,1.2
Aabdine,36121,0.0,7.5,43.5,2.0,53.6,4.6
Tourza,36124,3.0,2.5,30.5,3.5,33.15,17.15
Qnat,36127,1.5,1.5,21.5,2.0,28.2,0.95
Hadath Ej-Jebbeh,36131,1.5,1.5,21.5,2.0,28.2,0.95
Mazraat Bani Saab,36134,1.5,1.5,21.5,2.0,28.2,0.95
Berhalioun,36137,0.0,7.5,43.5,2.0,53.6,4.6
Ouadi Qannoubine,36141,3.0,2.5,30.5,3.5,33.15,17.15
Mazraat Aassaf,36144,1.0,6.0,40.666667,2.0,52.133333,3.3
Bane,36147,3.0,2.5,30.5,3.5,33.15,17.15
Blaouza,36151,3.0,2.5,30.5,3.5,33.15,17.15
Moghr El-Ahoual,36154,2.0,6.666667,46.666667,3.0,55.433333,14.1
Breissat,36157,0.0,0.0,8.0,2.0,7.2,1.2
Dimane,36161,0.0,0.0,8.0,2.0,7.2,1.2
Metrit,36164,1.0,6.0,40.666667,2.0,52.133333,3.3
Hasroun,36171,1.5,1.5,21.5,2.0,28.2,0.95
Hadchit,36177,0.0,0.0,8.0,2.0,7.2,1.2
Bazaaoun,36181,1.5,1.5,21.5,2.0,28.2,0.95
Bqerqacha,36184,0.0,0.0,8.0,2.0,7.2,1.2
Beit Menzer,36187,0.0,0.0,8.0,2.0,7.2,1.2
Bqaa Kafra,36191,0.0,0.0,8.0,2.0,7.2,1.2
Litige,37001,9.0,48.0,244.0,17.0,87.5,4.9
Litige,37002,9.0,48.0,244.0,17.0,87.5,4.9
Litige,37003,9.0,48.0,244.0,17.0,87.5,4.9
Litige,37004,9.0,48.0,244.0,17.0,87.5,4.9
Litige,37005,9.0,48.0,244.0,17.0,87.5,4.9
Litige,37006,9.0,48.0,244.0,17.0,87.5,4.9
Beddaoui,37231,14.333333,56.666667,508.0,22.666667,78.133333,34.5
Deir Aammar,37241,7.5,26.5,148.5,11.0,73.3,19.0
Borj El-Yahoudiyeh,37251,7.5,26.5,148.5,11.0,73.3,19.0
Nabi Youcheaa,37261,7.5,26.5,148.5,11.0,73.3,19.0
Minie,37271,9.0,48.0,244.0,17.0,87.5,4.9
Rihaniyet-Miniyeh,37281,12.5,38.5,294.0,32.5,48.1,21.65
Zouq Bhannine,37291,12.5,38.5,294.0,32.5,48.1,21.65
Sir Ed-Danniyeh,37311,9.0,48.0,244.0,17.0,87.5,4.9
Aassoun,37313,9.0,48.0,244.0,17.0,87.5,4.9
Mazraat Ketrane,37314,9.0,48.0,244.0,17.0,87.5,4.9
Qattineh-Miniyeh,37315,9.0,48.0,244.0,17.0,87.5,4.9
Bqaa Sefrine,37317,4.5,72.5,87.5,14.25,59.5,25.95
Bqarsouna,37319,9.0,48.0,244.0,17.0,87.5,4.9
Hazmiyet-Miniyeh,37321,9.0,48.0,244.0,17.0,87.5,4.9
Tarane,37323,9.0,48.0,244.0,17.0,87.5,4.9
Mimrine,37325,9.0,48.0,244.0,17.0,87.5,4.9
Haql el Aazimeh,37327,9.0,48.0,244.0,17.0,87.5,4.9
Beit El-Faqs,37329,9.0,48.0,244.0,17.0,87.5,4.9
Mrah Es-Sfire,37331,9.0,48.0,244.0,17.0,87.5,4.9
Aain Et-Tineh-Miniyeh,37333,9.0,48.0,244.0,17.0,87.5,4.9
Kharroub-Miniyeh,37335,9.0,48.0,244.0,17.0,87.5,4.9
Sfireh,37337,9.0,48.0,244.0,17.0,87.5,4.9
Qarsaita,37339,9.0,48.0,244.0,17.0,87.5,4.9
Izal,37341,7.5,26.5,148.5,11.0,73.3,19.0
Btermaz,37343,12.5,38.5,294.0,32.5,48.1,21.65
Qemmamine,37344,9.333333,104.666667,211.0,32.666667,60.133333,35.966667
Harf Es-Sayad,37345,9.0,48.0,244.0,17.0,87.5,4.9
Karm El-Mohr,37347,9.0,48.0,244.0,17.0,87.5,4.9
Beit Zoud,37349,9.0,48.0,244.0,17.0,87.5,4.9
Mrah Es-Srayj,37351,9.0,48.0,244.0,17.0,87.5,4.9
Qraine,37353,9.0,48.0,244.0,17.0,87.5,4.9
Haouaret-Miniyeh,37355,9.0,48.0,244.0,17.0,87.5,4.9
Debaael,37356,12.5,38.5,294.0,32.5,48.1,21.65
Beit Haouik,37357,9.0,48.0,244.0,17.0,87.5,4.9
Jayroun,37358,9.0,48.0,244.0,17.0,87.5,4.9
Bechnnata,37359,7.5,26.5,148.5,11.0,73.3,19.0
Qarhaiya,37360,12.5,38.5,294.0,32.5,48.1,21.65
Aazqai,37361,10.333333,27.333333,213.666667,23.333333,51.766667,25.466667
Aasaymout,37362,12.5,38.5,294.0,32.5,48.1,21.65
Kfar Chellane,37363,7.5,26.5,148.5,11.0,73.3,19.0
Kfar Habou,37365,7.5,26.5,148.5,11.0,73.3,19.0
Aaymar,37367,9.0,48.0,244.0,17.0,87.5,4.9
Zaghartaghrine,37369,9.0,48.0,244.0,17.0,87.5,4.9
Behouaita,37371,7.5,26.5,148.5,11.0,73.3,19.0
Kahf El-Malloul,37373,7.5,26.5,148.5,11.0,73.3,19.0
Jarjour,37375,7.5,26.5,148.5,11.0,73.3,19.0
Deir Nbouh,37377,7.5,26.5,148.5,11.0,73.3,19.0
Bechehhara,37379,7.5,26.5,148.5,11.0,73.3,19.0
Merkebta,37381,7.5,26.5,148.5,11.0,73.3,19.0
Raouda-Aadoua,37382,10.333333,27.333333,213.666667,23.333333,51.766667,25.466667
Qarne,37383,12.5,38.5,294.0,32.5,48.1,21.65
Mrebbine,37385,6.0,142.5,144.5,25.0,85.85,34.75
Terbol-Miniyeh,37387,7.5,26.5,148.5,11.0,73.3,19.0
Mazraat El-Kreme,37389,9.0,48.0,244.0,17.0,87.5,4.9
Bakhaaoun,37391,9.0,48.0,244.0,17.0,87.5,4.9
Kfar Bibnine,37395,9.0,48.0,244.0,17.0,87.5,4.9
Litige,51001,15.0,100.0,131.5,24.5,89.35,44.9
Zahleh El-Midane,51111,15.0,76.0,113.0,30.0,85.3,31.2
Zahleh Haouch Ez-Zaraane,51113,15.0,76.0,113.0,30.0,85.3,31.2
Zahlé Mar Gerges,51115,15.0,76.0,113.0,30.0,85.3,31.2
Zahleh Er-Rassiyeh,51117,15.0,76.0,113.0,30.0,85.3,31.2
Zahleh El-Berbara,51119,15.0,76.0,113.0,30.0,85.3,31.2
Zahleh El-Maallaqa,51121,15.0,76.0,113.0,30.0,85.3,31.2
Zahlé Mar Antonios,51123,15.0,76.0,113.0,30.0,85.3,31.2
Zahleh Maallaqa Aradi,51125,15.0,76.0,113.0,30.0,85.3,31.2
Zahlé Haouch El-Oumara Aradi,51127,11.5,134.0,73.0,18.0,85.1,58.75
Zahlé Saydet En-Najat,51129,15.0,76.0,113.0,30.0,85.3,31.2
Zahleh Haouch El-Oumara,51131,15.0,76.0,113.0,30.0,85.3,31.2
Zahleh Aradi,51133,15.0,76.0,113.0,30.0,85.3,31.2
Zahlé Mar Elias,51135,15.0,76.0,113.0,30.0,85.3,31.2
Fourzol,51139,15.0,76.0,113.0,30.0,85.3,31.2
Touaite Zahleh,51145,18.333333,169.0,330.0,35.666667,92.366667,23.333333
Nabi Ayla,51151,14.0,469.0,152.0,55.5,60.15,48.0
Hazerta,51157,14.5,40.0,146.5,24.5,92.3,35.0
Ablah,51163,15.0,76.0,113.0,30.0,85.3,31.2
Qaa Er-Rim,51173,14.0,314.0,161.333333,43.333333,73.2,44.933333
Niha Zahleh,51177,14.0,469.0,152.0,55.5,60.15,48.0
Ksara,51184,15.0,76.0,113.0,30.0,85.3,31.2
Mazraat Er-Remtaniyeh,51185,20.5,251.5,405.0,44.0,88.9,15.6
Ouadi El-Aarayech,51189,15.0,76.0,113.0,30.0,85.3,31.2
Chtaura,51211,15.0,76.0,113.0,30.0,85.3,31.2
Zebdoul,51214,15.0,76.0,113.0,30.0,85.3,31.2
Makseh,51217,15.0,76.0,113.0,30.0,85.3,31.2
Taalbaya,51221,15.0,76.0,113.0,30.0,85.3,31.2
Jdita,51224,15.0,76.0,113.0,30.0,85.3,31.2
Taanayel,51227,11.5,134.0,73.0,18.0,85.1,58.75
Saadnayel,51231,15.0,76.0,113.0,30.0,85.3,31.2
Qabb Elias,51234,15.0,76.0,113.0,30.0,85.3,31.2
Haouch Mandara,51237,11.5,134.0,73.0,18.0,85.1,58.75
Mrayjat Zahleh,51241,20.5,251.5,405.0,44.0,88.9,15.6
Bouarej,51244,20.5,251.5,405.0,44.0,88.9,15.6
Chebrqiyet Tabet,51247,11.5,134.0,73.0,18.0,85.1,58.75
Haouch Es-Siyadeh,51251,15.0,76.0,113.0,30.0,85.3,31.2
Ouadi Ed-Delm,51257,18.666667,209.0,320.0,35.666667,90.4,29.933333
Tcheflik Qiqano,51261,15.0,76.0,113.0,30.0,85.3,31.2
Haouch Qayssar,51264,15.0,76.0,113.0,30.0,85.3,31.2
Barr Elias,51267,11.5,134.0,73.0,18.0,85.1,58.75
Mzaraat Zahleh,51271,15.0,100.0,131.5,24.5,89.35,44.9
Tcheflik Eddé Haouch,51274,12.666667,130.666667,98.666667,18.333333,87.866667,58.7
Tell El-Akhdar,51277,11.5,134.0,73.0,18.0,85.1,58.75
Aanjar (Haouch Moussa),51281,11.5,134.0,73.0,18.0,85.1,58.75
Majdel Aanjar,51284,7.666667,126.333333,51.666667,13.333333,76.566667,61.733333
Nasriyet Zahleh,51287,11.5,134.0,73.0,18.0,85.1,58.75
Riyaq,51311,15.0,76.0,113.0,30.0,85.3,31.2
Haouch Hala,51317,14.0,469.0,152.0,55.5,60.15,48.0
Aali En-Nahri,51323,14.0,469.0,152.0,55.5,60.15,48.0
Haouch El-Ghanam,51329,14.0,469.0,152.0,55.5,60.15,48.0
Haouch El-Aamara,51335,14.0,469.0,152.0,55.5,60.15,48.0
Hoshmosh,51341,15.0,76.0,113.0,30.0,85.3,31.2
Deir El-Ghazal,51347,15.0,76.0,113.0,30.0,85.3,31.2
Qoussaya,51353,14.0,469.0,152.0,55.5,60.15,48.0
Nasriyet Rizk,51354,14.0,469.0,152.0,55.5,60.15,48.0
Raait,51359,15.0,76.0,113.0,30.0,85.3,31.2
Terbol Zahleh,51365,15.0,76.0,113.0,30.0,85.3,31.2
Massa,51371,14.0,469.0,152.0,55.5,60.15,48.0
Aain Kfar Zabad,51377,15.0,76.0,113.0,30.0,85.3,31.2
Dalhamiyet Zahleh,51383,15.0,76.0,113.0,30.0,85.3,31.2
Kfarzabad,51389,15.0,76.0,113.0,30.0,85.3,31.2
Litige,52001,8.333333,128.333333,83.333333,12.0,92.1,74.233333
Litige,52002,5.0,130.5,50.0,8.5,91.45,82.05
Litige,52003,5.0,130.5,50.0,8.5,91.45,82.05
Machghara,52111,3.333333,124.0,36.333333,7.0,80.8,77.266667
Aain Et-Tineh BG,52116,4.0,330.666667,37.333333,6.666667,90.3,55.966667
Aaytanit,52121,5.0,130.5,50.0,8.5,91.45,82.05
Bab Mareaa,52126,5.0,130.5,50.0,8.5,91.45,82.05
Deir Aain Ej-Jaouzeh,52131,8.0,192.0,33.0,6.0,84.9,86.3
Saghbine,52136,5.0,130.5,50.0,8.5,91.45,82.05
Loussa,52141,3.666667,621.333333,18.666667,5.0,90.533333,53.233333
Aain Zebdeh,52146,8.0,192.0,33.0,6.0,84.9,86.3
Khirbet Qanafar,52151,5.0,130.5,50.0,8.5,91.45,82.05
Kafraiya BG,52156,5.0,130.5,50.0,8.5,91.45,82.05
Aana,52161,5.0,130.5,50.0,8.5,91.45,82.05
Deir Tahniche,52166,5.0,130.5,50.0,8.5,91.45,82.05
Mansoura BG,52171,8.0,192.0,33.0,6.0,84.9,86.3
Aammiq BG,52176,10.0,115.25,90.75,16.5,90.4,63.475
Chebrqiyet Aammiq,52181,11.5,134.0,73.0,18.0,85.1,58.75
Joubb Jannine,52211,4.0,151.5,21.0,5.0,72.2,77.0
Lala,52214,4.0,151.5,21.0,5.0,72.2,77.0
Kamed El-Laouz,52217,4.0,151.5,21.0,5.0,72.2,77.0
Tall Znoub,52221,8.0,192.0,33.0,6.0,84.9,86.3
Baaloul BG,52224,4.0,151.5,21.0,5.0,72.2,77.0
Ghazzeh,52227,8.0,192.0,33.0,6.0,84.9,86.3
Soultan Yaacoub Faouqa,52231,4.0,151.5,21.0,5.0,72.2,77.0
Khiara,52234,8.0,192.0,33.0,6.0,84.9,86.3
Qaraaoun,52237,4.0,151.5,21.0,5.0,72.2,77.0
Soltan Yacoub el Aradi,52241,8.0,192.0,33.0,6.0,84.9,86.3
Manara (Hammara) BG,52244,4.0,151.5,21.0,5.0,72.2,77.0
Khiara El-Aatiqa,52247,11.5,134.0,73.0,18.0,85.1,58.75
Dakoueh,52251,11.5,134.0,73.0,18.0,85.1,58.75
Haouch El-Harime,52254,11.5,134.0,73.0,18.0,85.1,58.75
Jazira BG,52257,11.5,134.0,73.0,18.0,85.1,58.75
Ouaqf BG,52261,11.5,134.0,73.0,18.0,85.1,58.75
Souairi,52264,7.666667,126.333333,51.666667,13.333333,76.566667,61.733333
Sohmor,52267,4.0,151.5,21.0,5.0,72.2,77.0
Harimeh Es-Soughra,52271,11.5,134.0,73.0,18.0,85.1,58.75
Libbaya BG,52274,3.0,414.666667,17.666667,5.333333,81.033333,74.533333
Marj BG,52277,11.5,134.0,73.0,18.0,85.1,58.75
Yohmor BG,52281,4.5,566.5,22.0,6.0,91.8,77.95
Zilaya,52284,4.5,566.5,22.0,6.0,91.8,77.95
Maydoun,52287,5.0,461.5,22.5,4.5,86.45,45.05
Qelaya,52291,4.5,566.5,22.0,6.0,91.8,77.95
Raouda (Istabel),52295,11.5,134.0,73.0,18.0,85.1,58.75
Litige,53001,13.0,862.0,191.0,81.0,35.0,64.8
Litige,53002,13.0,862.0,191.0,81.0,35.0,64.8
Litige,53003,13.0,862.0,191.0,81.0,35.0,64.8
Baalbek,53111,13.0,862.0,191.0,81.0,35.0,64.8
Aain Bourday,53115,13.0,862.0,191.0,81.0,35.0,64.8
Douris,53119,13.0,862.0,191.0,81.0,35.0,64.8
Iaat,53123,13.0,862.0,191.0,81.0,35.0,64.8
Aadous,53127,13.0,862.0,191.0,81.0,35.0,64.8
Aamchki,53131,13.0,862.0,191.0,81.0,35.0,64.8
Haouch Tall Safiyeh,53135,13.0,862.0,191.0,81.0,35.0,64.8
Taibet Baalbek,53139,13.0,862.0,191.0,81.0,35.0,64.8
Nahleh baalbek,53143,13.0,862.0,191.0,81.0,35.0,64.8
Majdaloun,53147,13.0,862.0,191.0,81.0,35.0,64.8
Haouche Barada,53151,13.0,862.0,191.0,81.0,35.0,64.8
Maqneh,53155,13.0,862.0,191.0,81.0,35.0,64.8
Haouch El-Dehab,53159,13.0,862.0,191.0,81.0,35.0,64.8
Aain Es-Siyaa Chadoura,53163,13.0,862.0,191.0,81.0,35.0,64.8
Saaideh,53167,13.0,862.0,191.0,81.0,35.0,64.8
Jebaa,53171,13.0,862.0,191.0,81.0,35.0,64.8
Kfar Dane,53179,13.0,862.0,191.0,81.0,35.0,64.8
Hadath Baalbek,53183,13.0,862.0,191.0,81.0,35.0,64.8
Ras Baalbek Es-Sahel,53211,8.0,549.5,118.0,57.0,59.6,64.7
Fekehe,53214,8.0,549.5,118.0,57.0,59.6,64.7
Aain Baalbek,53217,13.0,862.0,191.0,81.0,35.0,64.8
Bajjaje,53221,13.0,862.0,191.0,81.0,35.0,64.8
Nabi Osmane,53224,13.0,862.0,191.0,81.0,35.0,64.8
Ras Baalbek Ech-Charqi,53227,13.0,862.0,191.0,81.0,35.0,64.8
Aarsal,53231,13.0,862.0,191.0,81.0,35.0,64.8
Laboueh,53234,13.0,862.0,191.0,81.0,35.0,64.8
Zabboud,53237,13.0,862.0,191.0,81.0,35.0,64.8
Qaa Baalbek,53241,13.0,862.0,191.0,81.0,35.0,64.8
Deir Mar Maroun Baalbek,53244,8.0,549.5,118.0,57.0,59.6,64.7
Halbata,53247,8.0,549.5,118.0,57.0,59.6,64.7
Moqraq,53251,13.0,862.0,191.0,81.0,35.0,64.8
Qaa Ouadi El-Khanzir,53254,8.0,549.5,118.0,57.0,59.6,64.7
Qaa Baayoun,53257,13.0,862.0,191.0,81.0,35.0,64.8
Sbouba,53261,13.0,862.0,191.0,81.0,35.0,64.8
Harabta,53264,13.0,862.0,191.0,81.0,35.0,64.8
Qaa Jouar Maqiyé,53267,13.0,862.0,191.0,81.0,35.0,64.8
Nabha Ed-Damdoum,53271,5.333333,366.333333,81.333333,38.666667,42.133333,43.533333
Chaat,53274,13.0,862.0,191.0,81.0,35.0,64.8
Qarha Baalbek,53277,13.0,862.0,191.0,81.0,35.0,64.8
Ram Baalbek,53281,13.0,862.0,191.0,81.0,35.0,64.8
Youmine,53284,13.0,862.0,191.0,81.0,35.0,64.8
Deir El-Ahmar,53311,13.0,862.0,191.0,81.0,35.0,64.8
Kneisset Baalbek,53322,13.0,862.0,191.0,81.0,35.0,64.8
Bechouat,53333,13.0,862.0,191.0,81.0,35.0,64.8
Barqa,53344,13.0,862.0,191.0,81.0,35.0,64.8
Riha,53355,13.0,862.0,191.0,81.0,35.0,64.8
Dar El-Ouassaa,53366,13.0,862.0,191.0,81.0,35.0,64.8
Btedaai,53375,13.0,862.0,191.0,81.0,35.0,64.8
Aaynata Baalbek,53377,5.333333,288.333333,78.0,28.333333,30.466667,22.233333
Yammouneh,53388,6.666667,292.666667,91.666667,32.0,34.533333,22.333333
Bednayel Baalbak,53411,13.0,237.5,163.75,36.75,79.9,41.225
Qsarnaba,53413,13.0,862.0,191.0,81.0,35.0,64.8
Temnine El-Faouqa,53415,14.0,469.0,152.0,55.5,60.15,48.0
Beit Chama,53417,13.0,862.0,191.0,81.0,35.0,64.8
Haouch Er-Rafqa,53419,13.0,862.0,191.0,81.0,35.0,64.8
Mousrayeh,53421,13.0,862.0,191.0,81.0,35.0,64.8
Slouqi,53423,11.5,435.0,181.0,49.0,67.5,47.45
Temnine Et-Tahta,53425,14.0,469.0,152.0,55.5,60.15,48.0
Kfar Dabach,53427,13.0,862.0,191.0,81.0,35.0,64.8
Chmistar,53429,13.0,862.0,191.0,81.0,35.0,64.8
Haouch En-Nabi,53431,13.0,862.0,191.0,81.0,35.0,64.8
Haouch Snaid,53433,13.0,862.0,191.0,81.0,35.0,64.8
Taraiya,53435,9.0,294.333333,137.0,37.0,51.466667,32.133333
Serraaine Et-Tahta,53437,14.0,469.0,152.0,55.5,60.15,48.0
Talia,53439,13.0,862.0,191.0,81.0,35.0,64.8
Hizzine,53441,13.0,862.0,191.0,81.0,35.0,64.8
Khodr Baalbek,53443,13.0,862.0,191.0,81.0,35.0,64.8
Nabi Chit,53445,14.0,469.0,152.0,55.5,60.15,48.0
Jenta,53447,14.0,469.0,152.0,55.5,60.15,48.0
Yahfoufa,53449,13.0,862.0,191.0,81.0,35.0,64.8
Haour Taala,53451,13.0,862.0,191.0,81.0,35.0,64.8
Brital,53453,13.0,862.0,191.0,81.0,35.0,64.8
Khreibet Baalbek,53455,13.0,862.0,191.0,81.0,35.0,64.8
Mazraat beit Mchaik,53457,8.5,437.5,120.0,47.0,27.2,33.15
Bouday,53459,13.0,862.0,191.0,81.0,35.0,64.8
Maaraboun,53461,13.0,862.0,191.0,81.0,35.0,64.8
Ham,53463,13.0,862.0,191.0,81.0,35.0,64.8
Aain El-Barnaya,53465,13.0,862.0,191.0,81.0,35.0,64.8
Chlifa,53467,13.0,862.0,191.0,81.0,35.0,64.8
Chaaibeh,53469,13.0,862.0,191.0,81.0,35.0,64.8
Nabi Chbay,53471,13.0,862.0,191.0,81.0,35.0,64.8
Aain Ej-Jaouz Baalbek,53473,13.0,862.0,191.0,81.0,35.0,64.8
Tfail,53475,13.0,862.0,191.0,81.0,35.0,64.8
Litige,54001,3.0,237.0,45.0,33.0,84.2,64.6
Litige,54002,9.5,133.0,194.5,40.5,46.45,51.5
Litige,54003,13.0,862.0,191.0,81.0,35.0,64.8
Hermel,54111,8.0,549.5,118.0,57.0,59.6,64.7
Michaa Mrajhineh,54114,9.333333,104.666667,211.0,32.666667,60.133333,35.966667
Zighrine,54119,3.0,237.0,45.0,33.0,84.2,64.6
Charbine El-Hermel,54127,9.5,133.0,194.5,40.5,46.45,51.5
Ras Baalbek El Gharbi,54135,8.0,549.5,118.0,57.0,59.6,64.7
Ras Baalbek Ouadi Faara,54143,8.0,549.5,118.0,57.0,59.6,64.7
Ouadi Faara,54151,8.0,549.5,118.0,57.0,59.6,64.7
Hermel Jbab,54159,6.25,286.75,122.0,33.25,53.475,33.875
Maaysra El-Hermel,54167,8.0,549.5,118.0,57.0,59.6,64.7
Kharayeb El-Hermel,54175,13.0,862.0,191.0,81.0,35.0,64.8
Ouadi El-Aaoss,54183,13.0,862.0,191.0,81.0,35.0,64.8
Litige,55001,7.666667,126.333333,51.666667,13.333333,76.566667,61.733333
Litige,55002,0.0,111.0,9.0,4.0,59.5,67.7
Litige,55003,4.0,151.5,21.0,5.0,72.2,77.0
Litige,55004,0.0,111.0,9.0,4.0,59.5,67.7
Litige,55005,0.0,111.0,9.0,4.0,59.5,67.7
Litige,55006,0.0,111.0,9.0,4.0,59.5,67.7
Litige,55007,0.0,111.0,9.0,4.0,59.5,67.7
Litige,55008,0.0,111.0,9.0,4.0,59.5,67.7
Litige,55009,0.0,111.0,9.0,4.0,59.5,67.7
Litige,55010,0.5,526.0,10.0,5.0,79.1,68.65
Rachaiya,55111,0.0,111.0,9.0,4.0,59.5,67.7
Aaqabet Rachaya,55114,0.0,111.0,9.0,4.0,59.5,67.7
Aayha,55117,0.0,111.0,9.0,4.0,59.5,67.7
Bakkifac Rachaya,55121,0.0,111.0,9.0,4.0,59.5,67.7
Dahr El-Ahmar,55124,0.0,111.0,9.0,4.0,59.5,67.7
Beit Lahia,55127,0.0,111.0,9.0,4.0,59.5,67.7
Tannoura,55131,0.0,111.0,9.0,4.0,59.5,67.7
Kfar Qouq,55134,0.0,111.0,9.0,4.0,59.5,67.7
Kfar Denis,55137,0.0,111.0,9.0,4.0,59.5,67.7
Mhaiydseh Rachaiya,55141,4.0,151.5,21.0,5.0,72.2,77.0
Kaoukaba Bou Arab,55144,0.0,111.0,9.0,4.0,59.5,67.7
Aain Rouha,55147,0.0,111.0,9.0,4.0,59.5,67.7
Khirbet Rouha,55151,0.0,111.0,9.0,4.0,59.5,67.7
Kfar Lichki,55154,4.0,151.5,21.0,5.0,72.2,77.0
Rafid Rachaiya,55157,4.0,151.5,21.0,5.0,72.2,77.0
Haouch El Qinnabeh Rachaiya,55161,0.5,526.0,10.0,5.0,79.1,68.65
Biret Rachaiya,55164,4.0,151.5,21.0,5.0,72.2,77.0
Aain Aarab Rachaiya,55167,0.0,111.0,9.0,4.0,59.5,67.7
Aain Aata,55171,0.5,526.0,10.0,5.0,79.1,68.65
Majdel Balhis,55174,4.0,151.5,21.0,5.0,72.2,77.0
Bakka,55177,0.0,111.0,9.0,4.0,59.5,67.7
Mdoukha,55181,0.0,111.0,9.0,4.0,59.5,67.7
Yanta,55184,0.0,111.0,9.0,4.0,59.5,67.7
Deir El-Aachayer,55187,0.0,111.0,9.0,4.0,59.5,67.7
Selsata (Mazraat Deir El-Aachaiyer),55191,0.0,111.0,9.0,4.0,59.5,67.7
Aayta El-Foukhar,55194,4.0,151.5,21.0,5.0,72.2,77.0
Helouet Rachaiya,55197,0.0,111.0,9.0,4.0,59.5,67.7
Nabi Safa,55199,3.0,414.666667,17.666667,5.333333,81.033333,74.533333
Litige,61001,14.0,1455.0,217.0,56.0,95.7,62.3
Saida El-Oustani,61111,8.0,762.0,142.0,33.5,96.85,70.05
Saida El-Qadimeh,61115,14.0,1455.0,217.0,56.0,95.7,62.3
Saida Ed-Dekermane,61119,14.0,1455.0,217.0,56.0,95.7,62.3
Bramiyeh,61123,14.0,1455.0,217.0,56.0,95.7,62.3
Hlaliyeh Saida,61147,14.0,1455.0,217.0,56.0,95.7,62.3
Haret Saida,61159,14.0,1455.0,217.0,56.0,95.7,62.3
Miyeh ou Miyeh,61183,14.0,1455.0,217.0,56.0,95.7,62.3
Salhiyet Saida,61211,8.0,1093.0,114.5,29.5,91.85,33.05
Saida Kefraya,61222,8.0,1093.0,114.5,29.5,91.85,33.05
Majdelyoun,61233,8.0,1093.0,114.5,29.5,91.85,33.05
AAbra Saida,61244,14.0,1455.0,217.0,56.0,95.7,62.3
Qraiyet Saida,61255,8.0,1093.0,114.5,29.5,91.85,33.05
Bqosta,61266,6.0,751.666667,98.666667,23.333333,93.9,47.966667
Aain Ed-Delb,61277,14.0,1455.0,217.0,56.0,95.7,62.3
Ghaziyeh,61311,14.0,1455.0,217.0,56.0,95.7,62.3
Maghdoucheh,61323,14.0,1455.0,217.0,56.0,95.7,62.3
Darb Es-Sim,61335,14.0,1455.0,217.0,56.0,95.7,62.3
Qennarit,61347,14.0,1455.0,217.0,56.0,95.7,62.3
Zeita,61359,14.0,1455.0,217.0,56.0,95.7,62.3
Zaghdraiya,61371,14.0,1455.0,217.0,56.0,95.7,62.3
Tanbourit,61383,8.0,1093.0,114.5,29.5,91.85,33.05
Jazira Saida,61411,8.0,1630.0,169.5,56.0,94.75,80.2
Mazraat El Yahoudiyeh (Aaitaniyeh),61412,8.0,1630.0,169.5,56.0,94.75,80.2
Mzaraat El-Ouasta,61414,14.0,1455.0,217.0,56.0,95.7,62.3
Matariyet Ech-Choumar,61415,14.0,1455.0,217.0,56.0,95.7,62.3
Arzai,61417,8.0,1630.0,169.5,56.0,94.75,80.2
Mazraat Kfar Beda,61418,14.0,1455.0,217.0,56.0,95.7,62.3
Khayayeb Saida,61419,10.0,2130.0,136.5,64.5,75.85,68.9
Mazraat Jamjim,61421,14.0,1455.0,217.0,56.0,95.7,62.3
Hartiyeh,61423,14.0,1455.0,217.0,56.0,95.7,62.3
Mazraat El-Mhaydaleh,61424,14.0,1455.0,217.0,56.0,95.7,62.3
Mazraat Kaoutariyet Er-Riz,61426,10.0,2130.0,136.5,64.5,75.85,68.9
Zrariyeh,61427,7.333333,2021.666667,131.666667,61.666667,81.833333,78.633333
Mazraat Sari,61429,14.0,1455.0,217.0,56.0,95.7,62.3
Mazraat Deir Taqla,61431,14.0,1455.0,217.0,56.0,95.7,62.3
Mazraat Oussamiyat,61433,10.0,2130.0,136.5,64.5,75.85,68.9
Aadloun,61434,14.0,1455.0,217.0,56.0,95.7,62.3
Insariyeh,61436,14.0,1455.0,217.0,56.0,95.7,62.3
Mazraat Sinai,61437,10.0,2130.0,136.5,64.5,75.85,68.9
Loubieh,61439,14.0,1455.0,217.0,56.0,95.7,62.3
Daoudiyeh,61441,14.0,1455.0,217.0,56.0,95.7,62.3
Khirbet Ed-Douair Saida,61443,14.0,1455.0,217.0,56.0,95.7,62.3
Babliyeh,61444,10.0,2130.0,136.5,64.5,75.85,68.9
Khartoum,61446,10.0,2130.0,136.5,64.5,75.85,68.9
Ghassaniyeh,61447,14.0,1455.0,217.0,56.0,95.7,62.3
Sarafand,61449,14.0,1455.0,217.0,56.0,95.7,62.3
Qaaqaiyet Es-Snaoubar,61451,14.0,1455.0,217.0,56.0,95.7,62.3
Bissariyeh,61453,14.0,1455.0,217.0,56.0,95.7,62.3
Kaoutariyet Es-Siyad,61454,10.0,2130.0,136.5,64.5,75.85,68.9
Tebna,61456,14.0,1455.0,217.0,56.0,95.7,62.3
Mazraat 'Snaiber,61457,14.0,1455.0,217.0,56.0,95.7,62.3
Teffahta,61459,10.0,2130.0,136.5,64.5,75.85,68.9
Saksakiyeh,61461,14.0,1455.0,217.0,56.0,95.7,62.3
Merouaniyeh,61463,10.0,2130.0,136.5,64.5,75.85,68.9
Najjariyeh,61464,14.0,1455.0,217.0,56.0,95.7,62.3
Aadoussiyeh,61466,14.0,1455.0,217.0,56.0,95.7,62.3
Khirbet El-Bassal,61467,14.0,1455.0,217.0,56.0,95.7,62.3
Mazraat 'Mseileh,61469,14.0,1455.0,217.0,56.0,95.7,62.3
Hajjeh,61471,10.0,2130.0,136.5,64.5,75.85,68.9
Mazraat El-Houssainiyeh,61473,14.0,1455.0,217.0,56.0,95.7,62.3
Khzaiz,61474,10.0,2130.0,136.5,64.5,75.85,68.9
Maamriyeh,61476,14.0,1455.0,217.0,56.0,95.7,62.3
Aaqtanit,61477,14.0,1455.0,217.0,56.0,95.7,62.3
Erkay,61479,10.0,2130.0,136.5,64.5,75.85,68.9
Bnaafoul,61481,10.0,2130.0,136.5,64.5,75.85,68.9
Aarab Tabbaya,61483,10.0,2130.0,136.5,64.5,75.85,68.9
Mtayriyeh,61484,14.0,1455.0,217.0,56.0,95.7,62.3
Mazraat Aarab Soukkar,61486,10.0,2130.0,136.5,64.5,75.85,68.9
Aarab Ej-Jall,61487,10.0,2130.0,136.5,64.5,75.85,68.9
Berti,61488,8.0,1093.0,114.5,29.5,91.85,33.05
Aanqoun,61489,7.333333,1663.666667,95.0,44.0,79.9,47.2
Kfar Beit,61491,14.0,1455.0,217.0,56.0,95.7,62.3
Kfar Hatta Saida,61493,8.0,1093.0,114.5,29.5,91.85,33.05
Kfar Chellal,61494,7.333333,1663.666667,95.0,44.0,79.9,47.2
Kfar Melki Saida,61496,7.333333,1663.666667,95.0,44.0,79.9,47.2
Sfenta,61497,8.0,1093.0,114.5,29.5,91.85,33.05
Sour,62111,2.0,1805.0,122.0,56.0,93.8,98.1
Borj Ech-Chemali,62128,2.0,1805.0,122.0,56.0,93.8,98.1
Batoulay,62162,2.0,1805.0,122.0,56.0,93.8,98.1
Deir Qanoun El-Aain,62179,2.0,1805.0,122.0,56.0,93.8,98.1
Jouaiya,62211,2.0,1805.0,122.0,56.0,93.8,98.1
Debaal Sour,62212,2.0,1805.0,122.0,56.0,93.8,98.1
Majdel,62214,1.5,1698.0,80.5,64.5,79.6,83.65
Mazraat Mechref,62215,1.5,1698.0,80.5,64.5,79.6,83.65
Aaytit,62217,2.0,1805.0,122.0,56.0,93.8,98.1
Ouadi Jilo,62218,2.0,1805.0,122.0,56.0,93.8,98.1
Yanouh Sour,62219,2.0,1805.0,122.0,56.0,93.8,98.1
Bafliyeh,62221,2.0,1805.0,122.0,56.0,93.8,98.1
Deir Aames,62223,1.5,1698.0,80.5,64.5,79.6,83.65
Barich,62224,2.0,1805.0,122.0,56.0,93.8,98.1
Biyad,62226,2.0,1805.0,122.0,56.0,93.8,98.1
Selaa Sour,62227,1.5,1698.0,80.5,64.5,79.6,83.65
Qana,62229,2.0,1805.0,122.0,56.0,93.8,98.1
Maarakeh,62231,2.0,1805.0,122.0,56.0,93.8,98.1
Neftakhiyeh,62233,2.0,1805.0,122.0,56.0,93.8,98.1
Maaroub,62234,2.0,1805.0,122.0,56.0,93.8,98.1
Recheknanay,62236,1.5,1698.0,80.5,64.5,79.6,83.65
Jennata,62237,2.0,1805.0,122.0,56.0,93.8,98.1
Derdaghaiya,62239,2.0,1805.0,122.0,56.0,93.8,98.1
Sadiqine,62241,2.0,1805.0,122.0,56.0,93.8,98.1
Aaiyeh,62242,1.5,1698.0,80.5,64.5,79.6,83.65
Aain Baal,62243,2.0,1805.0,122.0,56.0,93.8,98.1
Hmairi Sour,62244,2.0,1805.0,122.0,56.0,93.8,98.1
Mheilib,62245,2.0,1805.0,122.0,56.0,93.8,98.1
Bazouriyeh,62246,2.0,1805.0,122.0,56.0,93.8,98.1
Hanaouay,62247,2.0,1805.0,122.0,56.0,93.8,98.1
Bestiyat,62249,2.0,1805.0,122.0,56.0,93.8,98.1
Deir Kifa,62251,1.5,1698.0,80.5,64.5,79.6,83.65
Tayr Debbeh,62253,2.0,1805.0,122.0,56.0,93.8,98.1
Chehabiyeh,62254,1.5,1698.0,80.5,64.5,79.6,83.65
Arzoun,62256,2.0,1805.0,122.0,56.0,93.8,98.1
Niha Sour,62257,2.0,1805.0,122.0,56.0,93.8,98.1
Rmadiyeh,62259,2.0,1805.0,122.0,56.0,93.8,98.1
Toura,62261,2.0,1805.0,122.0,56.0,93.8,98.1
Deir Qanoun En-Nahr,62263,2.0,1805.0,122.0,56.0,93.8,98.1
Chehour,62264,4.0,2305.0,89.0,64.5,74.9,86.8
Srifa,62266,1.5,1698.0,80.5,64.5,79.6,83.65
Kneisset Sour,62267,2.0,1805.0,122.0,56.0,93.8,98.1
Halloussiyeh,62269,8.0,1630.0,169.5,56.0,94.75,80.2
Tayr Falsay,62271,7.333333,2021.666667,131.666667,61.666667,81.833333,78.633333
Touayri,62273,1.5,1698.0,80.5,64.5,79.6,83.65
Bedias,62274,8.0,1630.0,169.5,56.0,94.75,80.2
Aabbassiyet Sour,62276,2.0,1805.0,122.0,56.0,93.8,98.1
Chaaitiyeh,62277,2.0,1805.0,122.0,56.0,93.8,98.1
Jbal El-Botm,62279,1.5,1698.0,80.5,64.5,79.6,83.65
Mazraat Tayr Semhat,62281,3.0,2067.0,72.333333,67.333333,71.733333,80.933333
Borj Rahhal,62283,2.0,1805.0,122.0,56.0,93.8,98.1
Marnba,62284,3.0,2067.0,72.333333,67.333333,71.733333,80.933333
Chihine,62285,2.0,1805.0,122.0,56.0,93.8,98.1
Zebqine,62286,1.5,1698.0,80.5,64.5,79.6,83.65
Qlaileh Sour,62287,2.0,1805.0,122.0,56.0,93.8,98.1
Aain Abou Abdallah,62291,8.0,1630.0,169.5,56.0,94.75,80.2
Jibbayn,62292,2.0,1805.0,122.0,56.0,93.8,98.1
Henniyeh,62293,2.0,1805.0,122.0,56.0,93.8,98.1
Aaziyeh,62294,2.0,1805.0,122.0,56.0,93.8,98.1
Tayr Harfa,62295,2.0,1805.0,122.0,56.0,93.8,98.1
Mansouri Sour,62296,2.0,1805.0,122.0,56.0,93.8,98.1
Majdelzoun,62297,2.0,1805.0,122.0,56.0,93.8,98.1
Chamaa,62298,2.0,1805.0,122.0,56.0,93.8,98.1
Iskandarouna Sour,62299,2.0,1805.0,122.0,56.0,93.8,98.1
Yarine,62308,2.0,1805.0,122.0,56.0,93.8,98.1
Merouahine,62311,1.5,1698.0,80.5,64.5,79.6,83.65
Borj En-Naqoura,62312,2.0,1805.0,122.0,56.0,93.8,98.1
Hamoul,62314,2.0,1805.0,122.0,56.0,93.8,98.1
Aalma Ech-Chaab,62316,2.0,1805.0,122.0,56.0,93.8,98.1
Jijim,62318,2.0,1805.0,122.0,56.0,93.8,98.1
Abou Chech,62319,2.0,1805.0,122.0,56.0,93.8,98.1
Boustane,62321,2.0,1805.0,122.0,56.0,93.8,98.1
Btaychiyeh,62331,2.0,1805.0,122.0,56.0,93.8,98.1
Dhayra,62341,2.0,1805.0,122.0,56.0,93.8,98.1
Mazraat Ez-Zalloutiyeh,62351,2.0,1805.0,122.0,56.0,93.8,98.1
Litige,63001,2.0,400.0,39.5,7.0,93.0,40.8
Litige,63002,4.0,1768.0,34.0,38.0,72.0,39.65
Litige,63003,2.0,731.0,12.0,3.0,88.0,3.8
Jezzine,63111,2.0,400.0,39.5,7.0,93.0,40.8
Wadi Jezzine,63114,2.0,731.0,12.0,3.0,88.0,3.8
Qabaa Jezzine,63117,2.0,731.0,12.0,3.0,88.0,3.8
Qaytouleh,63121,2.0,731.0,12.0,3.0,88.0,3.8
Bkassine,63124,2.0,731.0,12.0,3.0,88.0,3.8
Homsiyeh,63127,2.0,731.0,12.0,3.0,88.0,3.8
Aaray,63131,2.0,400.0,39.5,7.0,93.0,40.8
Sabbah,63134,2.0,731.0,12.0,3.0,88.0,3.8
Haytoura,63137,2.0,731.0,12.0,3.0,88.0,3.8
Ghabbatiyeh,63141,2.0,400.0,39.5,7.0,93.0,40.8
Benouati Jezzine,63144,2.0,731.0,12.0,3.0,88.0,3.8
Maknounet Jezzine,63147,2.0,731.0,12.0,3.0,88.0,3.8
Btedine El-Leqch,63151,2.0,731.0,12.0,3.0,88.0,3.8
Roummanet,63154,4.0,1768.0,34.0,38.0,72.0,39.65
Machmoucheh,63157,2.0,731.0,12.0,3.0,88.0,3.8
Midane Jezzine,63161,2.0,400.0,39.5,7.0,93.0,40.8
Jabal Toura,63164,2.0,731.0,12.0,3.0,88.0,3.8
Kfar Houneh,63167,4.0,330.666667,37.333333,6.666667,90.3,55.966667
Harf Jezzine,63171,2.0,400.0,39.5,7.0,93.0,40.8
Behbeh,63174,2.0,731.0,12.0,3.0,88.0,3.8
Zhilta,63177,4.0,1768.0,34.0,38.0,72.0,39.65
Bhannine,63181,2.0,400.0,39.5,7.0,93.0,40.8
Aazour,63184,2.0,731.0,12.0,3.0,88.0,3.8
Taaid,63187,2.0,731.0,12.0,3.0,88.0,3.8
Bisri,63191,2.0,400.0,39.5,7.0,93.0,40.8
Mazraat Er-Rouhbane,63194,4.0,1768.0,34.0,38.0,72.0,39.65
Kfar Falous,63211,6.0,751.666667,98.666667,23.333333,93.9,47.966667
A'ain El-Mir (El Establ),63214,2.0,731.0,12.0,3.0,88.0,3.8
Mrah El-Hbasse,63217,2.0,731.0,12.0,3.0,88.0,3.8
Bayssour Jezzine,63221,2.0,731.0,12.0,3.0,88.0,3.8
Haytouleh,63224,8.0,1093.0,114.5,29.5,91.85,33.05
Lebaa,63227,8.0,1093.0,114.5,29.5,91.85,33.05
Mharbiyeh,63231,2.0,731.0,12.0,3.0,88.0,3.8
Ouadi El-Laymoun,63234,2.0,731.0,12.0,3.0,88.0,3.8
Sfaray,63237,2.0,731.0,12.0,3.0,88.0,3.8
Hassaniyeh,63241,8.0,1093.0,114.5,29.5,91.85,33.05
Karkha,63244,6.0,751.666667,98.666667,23.333333,93.9,47.966667
Choualiq Jezzine,63247,8.0,1093.0,114.5,29.5,91.85,33.05
Ouadi Baanqoudaine,63251,2.0,731.0,12.0,3.0,88.0,3.8
Mjaydel Jezzine,63254,8.0,1093.0,114.5,29.5,91.85,33.05
Dahr Ed-Deir,63257,8.0,1093.0,114.5,29.5,91.85,33.05
Jensnaya,63261,8.0,1093.0,114.5,29.5,91.85,33.05
Rimat,63264,8.0,1093.0,114.5,29.5,91.85,33.05
Kfar Jarra,63267,8.0,1093.0,114.5,29.5,91.85,33.05
Saydoun,63271,8.0,1093.0,114.5,29.5,91.85,33.05
Anane,63274,2.0,400.0,39.5,7.0,93.0,40.8
Roum,63277,2.0,731.0,12.0,3.0,88.0,3.8
Hidab,63281,2.0,731.0,12.0,3.0,88.0,3.8
Deir El Qattine,63284,2.0,731.0,12.0,3.0,88.0,3.8
Sanaya,63287,4.0,1768.0,34.0,38.0,72.0,39.65
Qtaleh Jezzine,63291,2.0,400.0,39.5,7.0,93.0,40.8
Jernaya,63294,7.333333,1663.666667,95.0,44.0,79.9,47.2
Mazraat El-Mathane,63297,2.0,400.0,39.5,7.0,93.0,40.8
Srayri,63298,3.666667,621.333333,18.666667,5.0,90.533333,53.233333
Aaramta,63311,2.0,731.0,12.0,3.0,88.0,3.8
Mlikh,63315,4.0,1768.0,34.0,38.0,72.0,39.65
Rihane Jezzine,63319,4.0,1768.0,34.0,38.0,72.0,39.65
Mazraat,63323,4.0,1768.0,34.0,38.0,72.0,39.65
Qatrani,63327,5.0,461.5,22.5,4.5,86.45,45.05
Louayzet Jezzine,63331,4.0,1768.0,34.0,38.0,72.0,39.65
Mazraat Khallet Khazen,63335,2.0,731.0,12.0,3.0,88.0,3.8
Mazraat Qrouh,63339,2.0,731.0,12.0,3.0,88.0,3.8
Mazraat Zighrine Jezzine,63343,4.0,1768.0,34.0,38.0,72.0,39.65
Chbail,63347,3.0,861.75,24.0,32.25,90.75,62.5
Mazraat Louzid (Louayziyeh),63348,2.0,731.0,12.0,3.0,88.0,3.8
Sehjoud,63351,4.0,1768.0,34.0,38.0,72.0,39.65
Aaychiyeh,63355,1.5,1157.0,26.0,58.5,89.7,47.05
Maraat Ouazaiyeh,63359,1.5,1157.0,26.0,58.5,89.7,47.05
Ouardiyeh,63363,1.5,1157.0,26.0,58.5,89.7,47.05
Mazraat El-Aarqoub,63367,4.0,1768.0,34.0,38.0,72.0,39.65
Mahmoudiyeh Jezzine,63371,1.5,1157.0,26.0,58.5,89.7,47.05
Jarmaq,63375,4.0,1768.0,34.0,38.0,72.0,39.65
Mazraat Daraya,63378,5.0,461.5,22.5,4.5,86.45,45.05
Demachqiyeh,63379,3.0,1706.333333,36.0,63.333333,78.466667,56.533333
Mazraat Tamra,63383,3.0,1706.333333,36.0,63.333333,78.466667,56.533333
Bouslaya,63385,7.333333,1663.666667,95.0,44.0,79.9,47.2
Nabatieh Et-Tahta,71111,6.0,2805.0,56.0,73.0,56.0,75.5
Nabatiyeh El-Faouka,71113,6.0,2805.0,56.0,73.0,56.0,75.5
Aali Et-Taher,71115,4.0,1768.0,34.0,38.0,72.0,39.65
Mazraat Kfarjaouz,71117,6.0,2805.0,56.0,73.0,56.0,75.5
Zibdine En-Nabatiyeh,71122,6.0,2805.0,56.0,73.0,56.0,75.5
Kfar Roummane,71133,4.0,1768.0,34.0,38.0,72.0,39.65
Choukine,71144,6.0,2805.0,56.0,73.0,56.0,75.5
Habbouch En-Nabatiyeh,71155,6.0,2805.0,56.0,73.0,56.0,75.5
Kfar Tibnit,71166,4.0,1768.0,34.0,38.0,72.0,39.65
Kfour En-Nabatieh,71177,6.0,2805.0,56.0,73.0,56.0,75.5
Jbaa En-Nabatiyeh,71211,7.333333,1663.666667,95.0,44.0,79.9,47.2
Aain Bou Souar,71216,4.0,1768.0,34.0,38.0,72.0,39.65
Kfarfila,71221,7.333333,1663.666667,95.0,44.0,79.9,47.2
Aain Qana,71226,6.0,2805.0,56.0,73.0,56.0,75.5
Jarjouaa,71231,4.0,1768.0,34.0,38.0,72.0,39.65
Sarba En-Nabatieh,71236,7.333333,1663.666667,95.0,44.0,79.9,47.2
Mzaraat El-Khreibeh,71241,10.0,2130.0,136.5,64.5,75.85,68.9
Houmine El-Faouqa,71246,6.0,2805.0,56.0,73.0,56.0,75.5
Hmaileh,71251,6.0,2805.0,56.0,73.0,56.0,75.5
Aarab Salim,71256,4.0,1768.0,34.0,38.0,72.0,39.65
Roumine,71261,10.0,2130.0,136.5,64.5,75.85,68.9
Houmine Et-Tahta,71266,10.0,2130.0,136.5,64.5,75.85,68.9
Aazzi,71271,10.0,2130.0,136.5,64.5,75.85,68.9
Bfaroueh,71276,10.0,2130.0,136.5,64.5,75.85,68.9
Zefta,71281,10.0,2130.0,136.5,64.5,75.85,68.9
Deir Ez-Zahrani,71311,6.0,2805.0,56.0,73.0,56.0,75.5
Mazraat El-Bayad En-Nabatieh,71314,6.0,2805.0,56.0,73.0,56.0,75.5
Charqiyeh,71321,10.0,2130.0,136.5,64.5,75.85,68.9
Toul,71324,6.0,2805.0,56.0,73.0,56.0,75.5
Nmairiyeh,71327,10.0,2130.0,136.5,64.5,75.85,68.9
Harouf En-Nabatiyeh,71331,6.0,2805.0,56.0,73.0,56.0,75.5
Douair En-Nabatiyeh,71334,6.0,2805.0,56.0,73.0,56.0,75.5
Jibchit,71337,6.0,2805.0,56.0,73.0,56.0,75.5
Mazraat Chalbaal,71341,10.0,2130.0,136.5,64.5,75.85,68.9
Mayfadoun,71344,6.0,2805.0,56.0,73.0,56.0,75.5
Aadchit Ech-Chqif,71347,6.0,2805.0,56.0,73.0,56.0,75.5
Aabba,71351,6.0,2805.0,56.0,73.0,56.0,75.5
Kfar Djal En-Nabatiyeh,71354,6.0,2805.0,56.0,73.0,56.0,75.5
Mazraat Dmoul,71357,10.0,2130.0,136.5,64.5,75.85,68.9
Ansar,71361,10.0,2130.0,136.5,64.5,75.85,68.9
Zaoutar El-Gharbiyeh,71364,3.5,2194.0,48.0,93.5,73.7,82.9
Zaoutar Ech-Charqiyeh,71367,3.5,2194.0,48.0,93.5,73.7,82.9
Hamra En-Nabattiyeh,71371,3.5,2194.0,48.0,93.5,73.7,82.9
Qsaibet En-Nabatiyeh,71374,6.0,2805.0,56.0,73.0,56.0,75.5
Arnoun,71377,3.0,1706.333333,36.0,63.333333,78.466667,56.533333
Qaaqaaiyet Ej-Jisr,71381,2.5,1946.0,64.25,79.0,76.65,83.275
Mazraat Qalaat El-Meis,71384,10.0,2130.0,136.5,64.5,75.85,68.9
Mazraat Bsaffour,71386,10.0,2130.0,136.5,64.5,75.85,68.9
Braiqeaa,71387,10.0,2130.0,136.5,64.5,75.85,68.9
Kfar Sir,71391,4.0,2305.0,89.0,64.5,74.9,86.8
Yohmor En-Nabatiyeh,71394,3.5,2194.0,48.0,93.5,73.7,82.9
Sir El-Gharbiyeh,71397,7.333333,2021.666667,131.666667,61.666667,81.833333,78.633333
Bent Jbayl,72111,1.0,1591.0,39.0,73.0,65.4,69.2
Aaynata Bent Jbayl,72119,1.0,1591.0,39.0,73.0,65.4,69.2
Maroun Er-Ras,72127,1.0,1591.0,39.0,73.0,65.4,69.2
Salhani,72135,1.5,1698.0,80.5,64.5,79.6,83.65
Aain Ibl,72143,1.0,1591.0,39.0,73.0,65.4,69.2
Aaintaroun,72151,1.0,1587.0,39.5,93.5,78.4,79.75
Yaroun,72159,1.0,1591.0,39.0,73.0,65.4,69.2
Rmaich,72167,1.0,1591.0,39.0,73.0,65.4,69.2
Qatmoun,72175,1.0,1591.0,39.0,73.0,65.4,69.2
Aayta Ech-Chaab,72183,1.0,1591.0,39.0,73.0,65.4,69.2
Ramyet Bent Jbayl,72191,1.5,1698.0,80.5,64.5,79.6,83.65
Tibnine,72211,1.0,1591.0,39.0,73.0,65.4,69.2
Soultaniyet Bent Jbayl,72214,1.5,1698.0,80.5,64.5,79.6,83.65
Safad Al-Battikh,72217,1.0,1591.0,39.0,73.0,65.4,69.2
Jmaijmeh,72221,1.0,1587.0,39.5,93.5,78.4,79.75
Aaita Ej-Jabal,72224,1.0,1591.0,39.0,73.0,65.4,69.2
Baraachit,72227,1.0,1591.0,39.0,73.0,65.4,69.2
Chaqra,72229,1.0,1587.0,39.5,93.5,78.4,79.75
Haddatha,72231,1.0,1591.0,39.0,73.0,65.4,69.2
Khirbet Selm,72234,1.333333,1659.666667,67.0,81.0,83.533333,85.866667
Beit Yahoun,72237,1.0,1591.0,39.0,73.0,65.4,69.2
Haris,72241,1.0,1591.0,39.0,73.0,65.4,69.2
Deir Ntar,72244,1.5,1698.0,80.5,64.5,79.6,83.65
Kfar Dounine,72247,1.5,1698.0,80.5,64.5,79.6,83.65
Kounine,72251,1.0,1587.0,39.5,93.5,78.4,79.75
Tiri,72254,1.0,1591.0,39.0,73.0,65.4,69.2
Kafra Bant Jbayl,72257,1.5,1698.0,80.5,64.5,79.6,83.65
Qalaouiyeh,72261,1.333333,1659.666667,67.0,81.0,83.533333,85.866667
Borj qalaouiyeh,72264,1.333333,1659.666667,67.0,81.0,83.533333,85.866667
Srobbine,72267,1.0,1591.0,39.0,73.0,65.4,69.2
Rachaf,72271,1.0,1591.0,39.0,73.0,65.4,69.2
Ghandouriyet Bent Jbayl,72274,1.333333,1659.666667,67.0,81.0,83.533333,85.866667
Froun,72276,2.5,1946.0,64.25,79.0,76.65,83.275
Yater,72277,1.5,1698.0,80.5,64.5,79.6,83.65
Debl,72281,1.0,1591.0,39.0,73.0,65.4,69.2
Hanine,72284,1.0,1591.0,39.0,73.0,65.4,69.2
Beit Lif,72287,1.0,1591.0,39.0,73.0,65.4,69.2
Qaouzah,72291,1.0,1591.0,39.0,73.0,65.4,69.2
Marjaayoun,73111,1.0,1583.0,40.0,114.0,91.4,90.3
Boueyda Marjaayoun,73116,1.5,1157.0,26.0,58.5,89.7,47.05
Dibbine,73119,1.0,1583.0,40.0,114.0,91.4,90.3
Ibl Es-Saqi,73127,1.0,1262.0,25.5,60.0,95.05,79.95
Blat Marjaayoun,73135,1.333333,1085.0,21.0,41.0,92.7,54.566667
Mazraat Doumiat,73143,3.0,1706.333333,36.0,63.333333,78.466667,56.533333
Borj El-Moulouk,73146,1.0,1583.0,40.0,114.0,91.4,90.3
Qlaiaa,73151,3.5,2194.0,48.0,93.5,73.7,82.9
Khiyam Marjaayoun,73159,1.0,1262.0,25.5,60.0,95.05,79.95
Aain Aarab Marjaayoun,73162,1.0,1262.0,25.5,60.0,95.05,79.95
Deir Mimas,73167,3.5,2194.0,48.0,93.5,73.7,82.9
Mazraat Sarada,73175,1.0,1583.0,40.0,114.0,91.4,90.3
Houra,73183,1.0,1583.0,40.0,114.0,91.4,90.3
Aamra,73191,1.0,1262.0,25.5,60.0,95.05,79.95
Aadaysseh Marjaayoun,73211,1.0,1583.0,40.0,114.0,91.4,90.3
Bany haiyane,73226,1.0,1583.0,40.0,114.0,91.4,90.3
Kfar Kila,73228,1.0,1583.0,40.0,114.0,91.4,90.3
Deir Siriane,73230,3.5,2194.0,48.0,93.5,73.7,82.9
Taybet Matjaayoun,73232,3.5,2194.0,48.0,93.5,73.7,82.9
Houla,73234,1.0,1587.0,39.5,93.5,78.4,79.75
Talloussa,73244,1.0,1583.0,40.0,114.0,91.4,90.3
Markaba,73245,1.0,1583.0,40.0,114.0,91.4,90.3
Mhaibib,73248,1.0,1587.0,39.5,93.5,78.4,79.75
Meiss Ej-Jabal,73250,1.0,1587.0,39.5,93.5,78.4,79.75
Aadchit El-Qoussair,73256,1.0,1587.0,39.5,93.5,78.4,79.75
Rabb Et-Tlatine,73257,1.0,1583.0,40.0,114.0,91.4,90.3
Qabrikha,73262,1.0,1587.0,39.5,93.5,78.4,79.75
Qantara,73276,1.0,1587.0,39.5,93.5,78.4,79.75
Majdel Selm,73279,1.0,1587.0,39.5,93.5,78.4,79.75
Saouanet Marjayoun,73280,1.0,1587.0,39.5,93.5,78.4,79.75
Touline,73282,1.0,1587.0,39.5,93.5,78.4,79.75
Blida,73288,1.0,1587.0,39.5,93.5,78.4,79.75
Aalmane Marjaayoun,73293,2.666667,1993.0,45.0,86.666667,70.933333,78.333333
Hasbaiya,74111,4.5,566.5,22.0,6.0,91.8,77.95
Abou Qamha,74112,1.0,941.0,11.0,6.0,98.7,69.6
Aain Jarfa,74114,1.0,941.0,11.0,6.0,98.7,69.6
Fardis Hasbaiya,74116,1.0,1262.0,25.5,60.0,95.05,79.95
Rachaiya El-Foukhar,74118,1.0,1262.0,25.5,60.0,95.05,79.95
Kfar Hamam,74120,1.0,941.0,11.0,6.0,98.7,69.6
Hebbariyeh,74122,1.0,941.0,11.0,6.0,98.7,69.6
Chouaya Hasbaiya,74124,0.5,526.0,10.0,5.0,79.1,68.65
Aain Qinia,74126,1.0,941.0,11.0,6.0,98.7,69.6
Meimes,74128,4.5,566.5,22.0,6.0,91.8,77.95
Chebaa,74130,0.5,526.0,10.0,5.0,79.1,68.65
Marj Ez-Zouhour (Haouch El-Qinnaabeh),74131,3.0,414.666667,17.666667,5.333333,81.033333,74.533333
Kaoukaba Hasbaiya,74133,1.0,1262.0,25.5,60.0,95.05,79.95
Salaiyeb,74141,1.0,1262.0,25.5,60.0,95.05,79.95
Bourghos,74155,1.333333,1085.0,21.0,41.0,92.7,54.566667
Meri,74158,1.0,1262.0,25.5,60.0,95.05,79.95
Kfar Chouba,74160,1.0,941.0,11.0,6.0,98.7,69.6
Khalouet Hasbaiya,74168,0.5,526.0,10.0,5.0,79.1,68.65
Kfayr Ez-Zait,74175,3.0,414.666667,17.666667,5.333333,81.033333,74.533333
Majidiyeh Hasbaiya,74177,1.0,1262.0,25.5,60.0,95.05,79.95
Dellafeh,74179,3.666667,621.333333,18.666667,5.0,90.533333,53.233333
Khreibet Hasbaiya,74181,1.0,1262.0,25.5,60.0,95.05,79.95
