level,csv_key_value,reason
CAD,0,duplicate_csv_join_key
CAD,10110,duplicate_csv_join_key
CAD,10150,duplicate_csv_join_key
CAD,10210,duplicate_csv_join_key
CAD,10250,duplicate_csv_join_key
CAD,10310,duplicate_csv_join_key
CAD,10350,duplicate_csv_join_key
CAD,10410,duplicate_csv_join_key
CAD,10450,duplicate_csv_join_key
CAD,10510,duplicate_csv_join_key
CAD,10550,duplicate_csv_join_key
CAD,10610,duplicate_csv_join_key
CAD,10650,duplicate_csv_join_key
CAD,21111,duplicate_csv_join_key
CAD,21133,duplicate_csv_join_key
CAD,21144,duplicate_csv_join_key
CAD,21166,duplicate_csv_join_key
CAD,21177,duplicate_csv_join_key
CAD,21188,duplicate_csv_join_key
CAD,21211,duplicate_csv_join_key
CAD,21219,duplicate_csv_join_key
CAD,21227,duplicate_csv_join_key
CAD,21235,duplicate_csv_join_key
CAD,21243,duplicate_csv_join_key
CAD,21251,duplicate_csv_join_key
CAD,21259,duplicate_csv_join_key
CAD,21267,duplicate_csv_join_key
CAD,21275,duplicate_csv_join_key
CAD,21283,duplicate_csv_join_key
CAD,21311,duplicate_csv_join_key
CAD,21314,duplicate_csv_join_key
CAD,21317,duplicate_csv_join_key
CAD,21321,duplicate_csv_join_key
CAD,21324,duplicate_csv_join_key
CAD,21327,duplicate_csv_join_key
CAD,21331,duplicate_csv_join_key
CAD,21334,duplicate_csv_join_key
CAD,21337,duplicate_csv_join_key
CAD,21341,duplicate_csv_join_key
CAD,21344,duplicate_csv_join_key
CAD,21347,duplicate_csv_join_key
CAD,21351,duplicate_csv_join_key
CAD,21354,duplicate_csv_join_key
CAD,21357,duplicate_csv_join_key
CAD,21361,duplicate_csv_join_key
CAD,21364,duplicate_csv_join_key
CAD,21367,duplicate_csv_join_key
CAD,21371,duplicate_csv_join_key
CAD,21374,duplicate_csv_join_key
CAD,21377,duplicate_csv_join_key
CAD,21381,duplicate_csv_join_key
CAD,21391,duplicate_csv_join_key
CAD,21394,duplicate_csv_join_key
CAD,21397,duplicate_csv_join_key
CAD,21411,duplicate_csv_join_key
CAD,21416,duplicate_csv_join_key
CAD,21421,duplicate_csv_join_key
CAD,21426,duplicate_csv_join_key
CAD,21431,duplicate_csv_join_key
CAD,21436,duplicate_csv_join_key
CAD,21441,duplicate_csv_join_key
CAD,21446,duplicate_csv_join_key
CAD,21451,duplicate_csv_join_key
CAD,21456,duplicate_csv_join_key
CAD,21461,duplicate_csv_join_key
CAD,21466,duplicate_csv_join_key
CAD,21471,duplicate_csv_join_key
CAD,21476,duplicate_csv_join_key
CAD,21481,duplicate_csv_join_key
CAD,21487,duplicate_csv_join_key
CAD,22001,duplicate_csv_join_key
CAD,22002,duplicate_csv_join_key
CAD,22111,duplicate_csv_join_key
CAD,22155,duplicate_csv_join_key
CAD,22211,duplicate_csv_join_key
CAD,22228,duplicate_csv_join_key
CAD,22245,duplicate_csv_join_key
CAD,22262,duplicate_csv_join_key
CAD,22279,duplicate_csv_join_key
CAD,22311,duplicate_csv_join_key
CAD,22319,duplicate_csv_join_key
CAD,22327,duplicate_csv_join_key
CAD,22335,duplicate_csv_join_key
CAD,22343,duplicate_csv_join_key
CAD,22351,duplicate_csv_join_key
CAD,22359,duplicate_csv_join_key
CAD,22367,duplicate_csv_join_key
CAD,22375,duplicate_csv_join_key
CAD,22383,duplicate_csv_join_key
CAD,22391,duplicate_csv_join_key
CAD,22411,duplicate_csv_join_key
CAD,22415,duplicate_csv_join_key
CAD,22423,duplicate_csv_join_key
CAD,22427,duplicate_csv_join_key
CAD,22431,duplicate_csv_join_key
CAD,22435,duplicate_csv_join_key
CAD,22439,duplicate_csv_join_key
CAD,22443,duplicate_csv_join_key
CAD,22447,duplicate_csv_join_key
CAD,22451,duplicate_csv_join_key
CAD,22455,duplicate_csv_join_key
CAD,22459,duplicate_csv_join_key
CAD,22467,duplicate_csv_join_key
CAD,22471,duplicate_csv_join_key
CAD,22475,duplicate_csv_join_key
CAD,22479,duplicate_csv_join_key
CAD,22483,duplicate_csv_join_key
CAD,22487,duplicate_csv_join_key
CAD,22515,duplicate_csv_join_key
CAD,22519,duplicate_csv_join_key
CAD,22523,duplicate_csv_join_key
CAD,22527,duplicate_csv_join_key
CAD,22531,duplicate_csv_join_key
CAD,22535,duplicate_csv_join_key
CAD,22539,duplicate_csv_join_key
CAD,22543,duplicate_csv_join_key
CAD,22547,duplicate_csv_join_key
CAD,22551,duplicate_csv_join_key
CAD,22555,duplicate_csv_join_key
CAD,22559,duplicate_csv_join_key
CAD,22563,duplicate_csv_join_key
CAD,22567,duplicate_csv_join_key
CAD,22571,duplicate_csv_join_key
CAD,22575,duplicate_csv_join_key
CAD,22583,duplicate_csv_join_key
CAD,22587,duplicate_csv_join_key
CAD,22595,duplicate_csv_join_key
CAD,22611,duplicate_csv_join_key
CAD,22619,duplicate_csv_join_key
CAD,22627,duplicate_csv_join_key
CAD,22635,duplicate_csv_join_key
CAD,22643,duplicate_csv_join_key
CAD,22651,duplicate_csv_join_key
CAD,22659,duplicate_csv_join_key
CAD,22667,duplicate_csv_join_key
CAD,22675,duplicate_csv_join_key
CAD,22683,duplicate_csv_join_key
CAD,22691,duplicate_csv_join_key
CAD,22711,duplicate_csv_join_key
CAD,22714,duplicate_csv_join_key
CAD,22722,duplicate_csv_join_key
CAD,22724,duplicate_csv_join_key
CAD,22727,duplicate_csv_join_key
CAD,22731,duplicate_csv_join_key
CAD,22733,duplicate_csv_join_key
CAD,22737,duplicate_csv_join_key
CAD,22741,duplicate_csv_join_key
CAD,22744,duplicate_csv_join_key
CAD,22747,duplicate_csv_join_key
CAD,22751,duplicate_csv_join_key
CAD,22761,duplicate_csv_join_key
CAD,22764,duplicate_csv_join_key
CAD,22767,duplicate_csv_join_key
CAD,22771,duplicate_csv_join_key
CAD,22774,duplicate_csv_join_key
CAD,22777,duplicate_csv_join_key
CAD,22781,duplicate_csv_join_key
CAD,22784,duplicate_csv_join_key
CAD,22787,duplicate_csv_join_key
CAD,22791,duplicate_csv_join_key
CAD,22799,duplicate_csv_join_key
CAD,23001,duplicate_csv_join_key
CAD,23002,duplicate_csv_join_key
CAD,23003,duplicate_csv_join_key
CAD,23004,duplicate_csv_join_key
CAD,23005,duplicate_csv_join_key
CAD,23006,duplicate_csv_join_key
CAD,23007,duplicate_csv_join_key
CAD,23141,duplicate_csv_join_key
CAD,23171,duplicate_csv_join_key
CAD,23211,duplicate_csv_join_key
CAD,23215,duplicate_csv_join_key
CAD,23219,duplicate_csv_join_key
CAD,23223,duplicate_csv_join_key
CAD,23227,duplicate_csv_join_key
CAD,23231,duplicate_csv_join_key
CAD,23235,duplicate_csv_join_key
CAD,23237,duplicate_csv_join_key
CAD,23239,duplicate_csv_join_key
CAD,23243,duplicate_csv_join_key
CAD,23247,duplicate_csv_join_key
CAD,23253,duplicate_csv_join_key
CAD,23259,duplicate_csv_join_key
CAD,23263,duplicate_csv_join_key
CAD,23267,duplicate_csv_join_key
CAD,23275,duplicate_csv_join_key
CAD,23279,duplicate_csv_join_key
CAD,23311,duplicate_csv_join_key
CAD,23316,duplicate_csv_join_key
CAD,23321,duplicate_csv_join_key
CAD,23331,duplicate_csv_join_key
CAD,23341,duplicate_csv_join_key
CAD,23346,duplicate_csv_join_key
CAD,23351,duplicate_csv_join_key
CAD,23356,duplicate_csv_join_key
CAD,23365,duplicate_csv_join_key
CAD,23366,duplicate_csv_join_key
CAD,23371,duplicate_csv_join_key
CAD,23376,duplicate_csv_join_key
CAD,23381,duplicate_csv_join_key
CAD,23386,duplicate_csv_join_key
CAD,23411,duplicate_csv_join_key
CAD,23413,duplicate_csv_join_key
CAD,23415,duplicate_csv_join_key
CAD,23417,duplicate_csv_join_key
CAD,23419,duplicate_csv_join_key
CAD,23421,duplicate_csv_join_key
CAD,23423,duplicate_csv_join_key
CAD,23425,duplicate_csv_join_key
CAD,23427,duplicate_csv_join_key
CAD,23429,duplicate_csv_join_key
CAD,23431,duplicate_csv_join_key
CAD,23433,duplicate_csv_join_key
CAD,23438,duplicate_csv_join_key
CAD,23439,duplicate_csv_join_key
CAD,23441,duplicate_csv_join_key
CAD,23443,duplicate_csv_join_key
CAD,23445,duplicate_csv_join_key
CAD,23447,duplicate_csv_join_key
CAD,23449,duplicate_csv_join_key
CAD,23451,duplicate_csv_join_key
CAD,23453,duplicate_csv_join_key
CAD,23454,duplicate_csv_join_key
CAD,23455,duplicate_csv_join_key
CAD,23457,duplicate_csv_join_key
CAD,23459,duplicate_csv_join_key
CAD,23461,duplicate_csv_join_key
CAD,23463,duplicate_csv_join_key
CAD,23467,duplicate_csv_join_key
CAD,23469,duplicate_csv_join_key
CAD,23511,duplicate_csv_join_key
CAD,23522,duplicate_csv_join_key
CAD,23533,duplicate_csv_join_key
CAD,23544,duplicate_csv_join_key
CAD,23555,duplicate_csv_join_key
CAD,23566,duplicate_csv_join_key
CAD,23577,duplicate_csv_join_key
CAD,23588,duplicate_csv_join_key
CAD,23611,duplicate_csv_join_key
CAD,23615,duplicate_csv_join_key
CAD,23619,duplicate_csv_join_key
CAD,23623,duplicate_csv_join_key
CAD,23625,duplicate_csv_join_key
CAD,23627,duplicate_csv_join_key
CAD,23635,duplicate_csv_join_key
CAD,23639,duplicate_csv_join_key
CAD,23643,duplicate_csv_join_key
CAD,23651,duplicate_csv_join_key
CAD,23659,duplicate_csv_join_key
CAD,23663,duplicate_csv_join_key
CAD,23667,duplicate_csv_join_key
CAD,23671,duplicate_csv_join_key
CAD,23679,duplicate_csv_join_key
CAD,23687,duplicate_csv_join_key
CAD,24001,duplicate_csv_join_key
CAD,24002,duplicate_csv_join_key
CAD,24003,duplicate_csv_join_key
CAD,24004,duplicate_csv_join_key
CAD,24005,duplicate_csv_join_key
CAD,24006,duplicate_csv_join_key
CAD,24007,duplicate_csv_join_key
CAD,24008,duplicate_csv_join_key
CAD,24009,duplicate_csv_join_key
CAD,24111,duplicate_csv_join_key
CAD,24133,duplicate_csv_join_key
CAD,24155,duplicate_csv_join_key
CAD,24177,duplicate_csv_join_key
CAD,24211,duplicate_csv_join_key
CAD,24219,duplicate_csv_join_key
CAD,24227,duplicate_csv_join_key
CAD,24235,duplicate_csv_join_key
CAD,24243,duplicate_csv_join_key
CAD,24251,duplicate_csv_join_key
CAD,24259,duplicate_csv_join_key
CAD,24267,duplicate_csv_join_key
CAD,24275,duplicate_csv_join_key
CAD,24283,duplicate_csv_join_key
CAD,24291,duplicate_csv_join_key
CAD,24311,duplicate_csv_join_key
CAD,24313,duplicate_csv_join_key
CAD,24315,duplicate_csv_join_key
CAD,24317,duplicate_csv_join_key
CAD,24319,duplicate_csv_join_key
CAD,24321,duplicate_csv_join_key
CAD,24323,duplicate_csv_join_key
CAD,24325,duplicate_csv_join_key
CAD,24327,duplicate_csv_join_key
CAD,24329,duplicate_csv_join_key
CAD,24331,duplicate_csv_join_key
CAD,24333,duplicate_csv_join_key
CAD,24335,duplicate_csv_join_key
CAD,24337,duplicate_csv_join_key
CAD,24339,duplicate_csv_join_key
CAD,24341,duplicate_csv_join_key
CAD,24343,duplicate_csv_join_key
CAD,24345,duplicate_csv_join_key
CAD,24347,duplicate_csv_join_key
CAD,24349,duplicate_csv_join_key
CAD,24351,duplicate_csv_join_key
CAD,24353,duplicate_csv_join_key
CAD,24355,duplicate_csv_join_key
CAD,24357,duplicate_csv_join_key
CAD,24359,duplicate_csv_join_key
CAD,24361,duplicate_csv_join_key
CAD,24363,duplicate_csv_join_key
CAD,24365,duplicate_csv_join_key
CAD,24367,duplicate_csv_join_key
CAD,24369,duplicate_csv_join_key
CAD,24371,duplicate_csv_join_key
CAD,24373,duplicate_csv_join_key
CAD,24375,duplicate_csv_join_key
CAD,24377,duplicate_csv_join_key
CAD,24411,duplicate_csv_join_key
CAD,24414,duplicate_csv_join_key
CAD,24417,duplicate_csv_join_key
CAD,24421,duplicate_csv_join_key
CAD,24424,duplicate_csv_join_key
CAD,24427,duplicate_csv_join_key
CAD,24431,duplicate_csv_join_key
CAD,24434,duplicate_csv_join_key
CAD,24437,duplicate_csv_join_key
CAD,24441,duplicate_csv_join_key
CAD,24443,duplicate_csv_join_key
CAD,24444,duplicate_csv_join_key
CAD,24447,duplicate_csv_join_key
CAD,24451,duplicate_csv_join_key
CAD,24454,duplicate_csv_join_key
CAD,24457,duplicate_csv_join_key
CAD,24461,duplicate_csv_join_key
CAD,24464,duplicate_csv_join_key
CAD,24467,duplicate_csv_join_key
CAD,24471,duplicate_csv_join_key
CAD,24474,duplicate_csv_join_key
CAD,24477,duplicate_csv_join_key
CAD,24481,duplicate_csv_join_key
CAD,24484,duplicate_csv_join_key
CAD,25001,duplicate_csv_join_key
CAD,25002,duplicate_csv_join_key
CAD,25003,duplicate_csv_join_key
CAD,25111,duplicate_csv_join_key
CAD,25116,duplicate_csv_join_key
CAD,25121,duplicate_csv_join_key
CAD,25126,duplicate_csv_join_key
CAD,25131,duplicate_csv_join_key
CAD,25136,duplicate_csv_join_key
CAD,25141,duplicate_csv_join_key
CAD,25146,duplicate_csv_join_key
CAD,25151,duplicate_csv_join_key
CAD,25156,duplicate_csv_join_key
CAD,25161,duplicate_csv_join_key
CAD,25166,duplicate_csv_join_key
CAD,25171,duplicate_csv_join_key
CAD,25176,duplicate_csv_join_key
CAD,25211,duplicate_csv_join_key
CAD,25221,duplicate_csv_join_key
CAD,25231,duplicate_csv_join_key
CAD,25241,duplicate_csv_join_key
CAD,25251,duplicate_csv_join_key
CAD,25261,duplicate_csv_join_key
CAD,25271,duplicate_csv_join_key
CAD,25281,duplicate_csv_join_key
CAD,25311,duplicate_csv_join_key
CAD,25313,duplicate_csv_join_key
CAD,25315,duplicate_csv_join_key
CAD,25317,duplicate_csv_join_key
CAD,25319,duplicate_csv_join_key
CAD,25321,duplicate_csv_join_key
CAD,25323,duplicate_csv_join_key
CAD,25325,duplicate_csv_join_key
CAD,25327,duplicate_csv_join_key
CAD,25329,duplicate_csv_join_key
CAD,25331,duplicate_csv_join_key
CAD,25333,duplicate_csv_join_key
CAD,25335,duplicate_csv_join_key
CAD,25337,duplicate_csv_join_key
CAD,25339,duplicate_csv_join_key
CAD,25341,duplicate_csv_join_key
CAD,25343,duplicate_csv_join_key
CAD,25345,duplicate_csv_join_key
CAD,25347,duplicate_csv_join_key
CAD,25349,duplicate_csv_join_key
CAD,25351,duplicate_csv_join_key
CAD,25353,duplicate_csv_join_key
CAD,25355,duplicate_csv_join_key
CAD,25357,duplicate_csv_join_key
CAD,25361,duplicate_csv_join_key
CAD,25363,duplicate_csv_join_key
CAD,25365,duplicate_csv_join_key
CAD,25367,duplicate_csv_join_key
CAD,25369,duplicate_csv_join_key
CAD,25371,duplicate_csv_join_key
CAD,25373,duplicate_csv_join_key
CAD,25375,duplicate_csv_join_key
CAD,25391,duplicate_csv_join_key
CAD,25411,duplicate_csv_join_key
CAD,25415,duplicate_csv_join_key
CAD,25419,duplicate_csv_join_key
CAD,25423,duplicate_csv_join_key
CAD,25427,duplicate_csv_join_key
CAD,25431,duplicate_csv_join_key
CAD,25435,duplicate_csv_join_key
CAD,25439,duplicate_csv_join_key
CAD,25443,duplicate_csv_join_key
CAD,25447,duplicate_csv_join_key
CAD,25451,duplicate_csv_join_key
CAD,25455,duplicate_csv_join_key
CAD,25459,duplicate_csv_join_key
CAD,25463,duplicate_csv_join_key
CAD,25467,duplicate_csv_join_key
CAD,25471,duplicate_csv_join_key
CAD,25475,duplicate_csv_join_key
CAD,25479,duplicate_csv_join_key
CAD,25482,duplicate_csv_join_key
CAD,25485,duplicate_csv_join_key
CAD,25488,duplicate_csv_join_key
CAD,26001,duplicate_csv_join_key
CAD,26002,duplicate_csv_join_key
CAD,26003,duplicate_csv_join_key
CAD,26004,duplicate_csv_join_key
CAD,26005,duplicate_csv_join_key
CAD,26006,duplicate_csv_join_key
CAD,26007,duplicate_csv_join_key
CAD,26008,duplicate_csv_join_key
CAD,26009,duplicate_csv_join_key
CAD,26111,duplicate_csv_join_key
CAD,26123,duplicate_csv_join_key
CAD,26129,duplicate_csv_join_key
CAD,26135,duplicate_csv_join_key
CAD,26141,duplicate_csv_join_key
CAD,26147,duplicate_csv_join_key
CAD,26153,duplicate_csv_join_key
CAD,26159,duplicate_csv_join_key
CAD,26165,duplicate_csv_join_key
CAD,26171,duplicate_csv_join_key
CAD,26177,duplicate_csv_join_key
CAD,26183,duplicate_csv_join_key
CAD,26189,duplicate_csv_join_key
CAD,26211,duplicate_csv_join_key
CAD,26212,duplicate_csv_join_key
CAD,26213,duplicate_csv_join_key
CAD,26214,duplicate_csv_join_key
CAD,26215,duplicate_csv_join_key
CAD,26217,duplicate_csv_join_key
CAD,26218,duplicate_csv_join_key
CAD,26219,duplicate_csv_join_key
CAD,26220,duplicate_csv_join_key
CAD,26221,duplicate_csv_join_key
CAD,26223,duplicate_csv_join_key
CAD,26224,duplicate_csv_join_key
CAD,26226,duplicate_csv_join_key
CAD,26227,duplicate_csv_join_key
CAD,26229,duplicate_csv_join_key
CAD,26231,duplicate_csv_join_key
CAD,26233,duplicate_csv_join_key
CAD,26234,duplicate_csv_join_key
CAD,26236,duplicate_csv_join_key
CAD,26237,duplicate_csv_join_key
CAD,26239,duplicate_csv_join_key
CAD,26241,duplicate_csv_join_key
CAD,26243,duplicate_csv_join_key
CAD,26244,duplicate_csv_join_key
CAD,26246,duplicate_csv_join_key
CAD,26247,duplicate_csv_join_key
CAD,26249,duplicate_csv_join_key
CAD,26251,duplicate_csv_join_key
CAD,26253,duplicate_csv_join_key
CAD,26254,duplicate_csv_join_key
CAD,26256,duplicate_csv_join_key
CAD,26257,duplicate_csv_join_key
CAD,26259,duplicate_csv_join_key
CAD,26261,duplicate_csv_join_key
CAD,26263,duplicate_csv_join_key
CAD,26264,duplicate_csv_join_key
CAD,26266,duplicate_csv_join_key
CAD,26267,duplicate_csv_join_key
CAD,26269,duplicate_csv_join_key
CAD,26271,duplicate_csv_join_key
CAD,26273,duplicate_csv_join_key
CAD,26274,duplicate_csv_join_key
CAD,26276,duplicate_csv_join_key
CAD,26277,duplicate_csv_join_key
CAD,26279,duplicate_csv_join_key
CAD,26281,duplicate_csv_join_key
CAD,26283,duplicate_csv_join_key
CAD,26286,duplicate_csv_join_key
CAD,26287,duplicate_csv_join_key
CAD,26289,duplicate_csv_join_key
CAD,26291,duplicate_csv_join_key
CAD,26293,duplicate_csv_join_key
CAD,26294,duplicate_csv_join_key
CAD,26295,duplicate_csv_join_key
CAD,26296,duplicate_csv_join_key
CAD,26297,duplicate_csv_join_key
CAD,26298,duplicate_csv_join_key
CAD,26299,duplicate_csv_join_key
CAD,26311,duplicate_csv_join_key
CAD,26314,duplicate_csv_join_key
CAD,26317,duplicate_csv_join_key
CAD,26321,duplicate_csv_join_key
CAD,26324,duplicate_csv_join_key
CAD,26327,duplicate_csv_join_key
CAD,26331,duplicate_csv_join_key
CAD,26334,duplicate_csv_join_key
CAD,26337,duplicate_csv_join_key
CAD,26341,duplicate_csv_join_key
CAD,26344,duplicate_csv_join_key
CAD,26347,duplicate_csv_join_key
CAD,26351,duplicate_csv_join_key
CAD,26354,duplicate_csv_join_key
CAD,26357,duplicate_csv_join_key
CAD,26361,duplicate_csv_join_key
CAD,26364,duplicate_csv_join_key
CAD,26367,duplicate_csv_join_key
CAD,26371,duplicate_csv_join_key
CAD,26374,duplicate_csv_join_key
CAD,26377,duplicate_csv_join_key
CAD,26381,duplicate_csv_join_key
CAD,26384,duplicate_csv_join_key
CAD,26388,duplicate_csv_join_key
CAD,26390,duplicate_csv_join_key
CAD,26392,duplicate_csv_join_key
CAD,31111,duplicate_csv_join_key
CAD,31116,duplicate_csv_join_key
CAD,31121,duplicate_csv_join_key
CAD,31126,duplicate_csv_join_key
CAD,31131,duplicate_csv_join_key
CAD,31136,duplicate_csv_join_key
CAD,31141,duplicate_csv_join_key
CAD,31146,duplicate_csv_join_key
CAD,31151,duplicate_csv_join_key
CAD,31156,duplicate_csv_join_key
CAD,31161,duplicate_csv_join_key
CAD,31166,duplicate_csv_join_key
CAD,31171,duplicate_csv_join_key
CAD,31176,duplicate_csv_join_key
CAD,31181,duplicate_csv_join_key
CAD,31186,duplicate_csv_join_key
CAD,31221,duplicate_csv_join_key
CAD,32111,duplicate_csv_join_key
CAD,32113,duplicate_csv_join_key
CAD,32115,duplicate_csv_join_key
CAD,32117,duplicate_csv_join_key
CAD,32127,duplicate_csv_join_key
CAD,32129,duplicate_csv_join_key
CAD,32131,duplicate_csv_join_key
CAD,32133,duplicate_csv_join_key
CAD,32135,duplicate_csv_join_key
CAD,32139,duplicate_csv_join_key
CAD,32141,duplicate_csv_join_key
CAD,32143,duplicate_csv_join_key
CAD,32147,duplicate_csv_join_key
CAD,32149,duplicate_csv_join_key
CAD,32151,duplicate_csv_join_key
CAD,32155,duplicate_csv_join_key
CAD,32157,duplicate_csv_join_key
CAD,32159,duplicate_csv_join_key
CAD,32163,duplicate_csv_join_key
CAD,32165,duplicate_csv_join_key
CAD,32169,duplicate_csv_join_key
CAD,32171,duplicate_csv_join_key
CAD,32173,duplicate_csv_join_key
CAD,32175,duplicate_csv_join_key
CAD,32177,duplicate_csv_join_key
CAD,32179,duplicate_csv_join_key
CAD,32181,duplicate_csv_join_key
CAD,32183,duplicate_csv_join_key
CAD,32185,duplicate_csv_join_key
CAD,32187,duplicate_csv_join_key
CAD,32191,duplicate_csv_join_key
CAD,32193,duplicate_csv_join_key
CAD,32195,duplicate_csv_join_key
CAD,33111,duplicate_csv_join_key
CAD,33113,duplicate_csv_join_key
CAD,33115,duplicate_csv_join_key
CAD,33117,duplicate_csv_join_key
CAD,33119,duplicate_csv_join_key
CAD,33121,duplicate_csv_join_key
CAD,33123,duplicate_csv_join_key
CAD,33125,duplicate_csv_join_key
CAD,33127,duplicate_csv_join_key
CAD,33129,duplicate_csv_join_key
CAD,33131,duplicate_csv_join_key
CAD,33133,duplicate_csv_join_key
CAD,33135,duplicate_csv_join_key
CAD,33137,duplicate_csv_join_key
CAD,33139,duplicate_csv_join_key
CAD,33141,duplicate_csv_join_key
CAD,33143,duplicate_csv_join_key
CAD,33145,duplicate_csv_join_key
CAD,33147,duplicate_csv_join_key
CAD,33149,duplicate_csv_join_key
CAD,33152,duplicate_csv_join_key
CAD,33153,duplicate_csv_join_key
CAD,33155,duplicate_csv_join_key
CAD,33157,duplicate_csv_join_key
CAD,33159,duplicate_csv_join_key
CAD,33161,duplicate_csv_join_key
CAD,33163,duplicate_csv_join_key
CAD,33165,duplicate_csv_join_key
CAD,33167,duplicate_csv_join_key
CAD,33169,duplicate_csv_join_key
CAD,33171,duplicate_csv_join_key
CAD,33215,duplicate_csv_join_key
CAD,33219,duplicate_csv_join_key
CAD,33223,duplicate_csv_join_key
CAD,33227,duplicate_csv_join_key
CAD,33231,duplicate_csv_join_key
CAD,33235,duplicate_csv_join_key
CAD,33239,duplicate_csv_join_key
CAD,33243,duplicate_csv_join_key
CAD,33251,duplicate_csv_join_key
CAD,33255,duplicate_csv_join_key
CAD,33259,duplicate_csv_join_key
CAD,33263,duplicate_csv_join_key
CAD,33267,duplicate_csv_join_key
CAD,33271,duplicate_csv_join_key
CAD,33275,duplicate_csv_join_key
CAD,33279,duplicate_csv_join_key
CAD,33283,duplicate_csv_join_key
CAD,33287,duplicate_csv_join_key
CAD,33291,duplicate_csv_join_key
CAD,34001,duplicate_csv_join_key
CAD,34002,duplicate_csv_join_key
CAD,34111,duplicate_csv_join_key
CAD,34133,duplicate_csv_join_key
CAD,34144,duplicate_csv_join_key
CAD,34166,duplicate_csv_join_key
CAD,34177,duplicate_csv_join_key
CAD,34188,duplicate_csv_join_key
CAD,34211,duplicate_csv_join_key
CAD,34212,duplicate_csv_join_key
CAD,34214,duplicate_csv_join_key
CAD,34215,duplicate_csv_join_key
CAD,34217,duplicate_csv_join_key
CAD,34218,duplicate_csv_join_key
CAD,34219,duplicate_csv_join_key
CAD,34221,duplicate_csv_join_key
CAD,34224,duplicate_csv_join_key
CAD,34229,duplicate_csv_join_key
CAD,34231,duplicate_csv_join_key
CAD,34234,duplicate_csv_join_key
CAD,34236,duplicate_csv_join_key
CAD,34237,duplicate_csv_join_key
CAD,34239,duplicate_csv_join_key
CAD,34243,duplicate_csv_join_key
CAD,34244,duplicate_csv_join_key
CAD,34247,duplicate_csv_join_key
CAD,34251,duplicate_csv_join_key
CAD,34254,duplicate_csv_join_key
CAD,34257,duplicate_csv_join_key
CAD,34259,duplicate_csv_join_key
CAD,34261,duplicate_csv_join_key
CAD,34264,duplicate_csv_join_key
CAD,34266,duplicate_csv_join_key
CAD,34269,duplicate_csv_join_key
CAD,34273,duplicate_csv_join_key
CAD,34277,duplicate_csv_join_key
CAD,34279,duplicate_csv_join_key
CAD,34281,duplicate_csv_join_key
CAD,34283,duplicate_csv_join_key
CAD,34284,duplicate_csv_join_key
CAD,34286,duplicate_csv_join_key
CAD,34316,duplicate_csv_join_key
CAD,34321,duplicate_csv_join_key
CAD,34326,duplicate_csv_join_key
CAD,34331,duplicate_csv_join_key
CAD,34336,duplicate_csv_join_key
CAD,34341,duplicate_csv_join_key
CAD,34346,duplicate_csv_join_key
CAD,34351,duplicate_csv_join_key
CAD,34356,duplicate_csv_join_key
CAD,34371,duplicate_csv_join_key
CAD,34374,duplicate_csv_join_key
CAD,34376,duplicate_csv_join_key
CAD,34381,duplicate_csv_join_key
CAD,34386,duplicate_csv_join_key
CAD,35001,duplicate_csv_join_key
CAD,35002,duplicate_csv_join_key
CAD,35003,duplicate_csv_join_key
CAD,35111,duplicate_csv_join_key
CAD,35113,duplicate_csv_join_key
CAD,35115,duplicate_csv_join_key
CAD,35117,duplicate_csv_join_key
CAD,35119,duplicate_csv_join_key
CAD,35121,duplicate_csv_join_key
CAD,35123,duplicate_csv_join_key
CAD,35125,duplicate_csv_join_key
CAD,35126,duplicate_csv_join_key
CAD,35127,duplicate_csv_join_key
CAD,35128,duplicate_csv_join_key
CAD,35129,duplicate_csv_join_key
CAD,35131,duplicate_csv_join_key
CAD,35133,duplicate_csv_join_key
CAD,35134,duplicate_csv_join_key
CAD,35135,duplicate_csv_join_key
CAD,35137,duplicate_csv_join_key
CAD,35139,duplicate_csv_join_key
CAD,35141,duplicate_csv_join_key
CAD,35143,duplicate_csv_join_key
CAD,35145,duplicate_csv_join_key
CAD,35147,duplicate_csv_join_key
CAD,35149,duplicate_csv_join_key
CAD,35151,duplicate_csv_join_key
CAD,35153,duplicate_csv_join_key
CAD,35155,duplicate_csv_join_key
CAD,35158,duplicate_csv_join_key
CAD,35159,duplicate_csv_join_key
CAD,35161,duplicate_csv_join_key
CAD,35163,duplicate_csv_join_key
CAD,35167,duplicate_csv_join_key
CAD,35169,duplicate_csv_join_key
CAD,35171,duplicate_csv_join_key
CAD,35173,duplicate_csv_join_key
CAD,35174,duplicate_csv_join_key
CAD,35175,duplicate_csv_join_key
CAD,35177,duplicate_csv_join_key
CAD,35179,duplicate_csv_join_key
CAD,35181,duplicate_csv_join_key
CAD,35183,duplicate_csv_join_key
CAD,35185,duplicate_csv_join_key
CAD,35187,duplicate_csv_join_key
CAD,35189,duplicate_csv_join_key
CAD,35191,duplicate_csv_join_key
CAD,35211,duplicate_csv_join_key
CAD,35213,duplicate_csv_join_key
CAD,35215,duplicate_csv_join_key
CAD,35216,duplicate_csv_join_key
CAD,35217,duplicate_csv_join_key
CAD,35219,duplicate_csv_join_key
CAD,35221,duplicate_csv_join_key
CAD,35223,duplicate_csv_join_key
CAD,35224,duplicate_csv_join_key
CAD,35225,duplicate_csv_join_key
CAD,35227,duplicate_csv_join_key
CAD,35229,duplicate_csv_join_key
CAD,35231,duplicate_csv_join_key
CAD,35233,duplicate_csv_join_key
CAD,35234,duplicate_csv_join_key
CAD,35235,duplicate_csv_join_key
CAD,35237,duplicate_csv_join_key
CAD,35239,duplicate_csv_join_key
CAD,35243,duplicate_csv_join_key
CAD,35245,duplicate_csv_join_key
CAD,35247,duplicate_csv_join_key
CAD,35249,duplicate_csv_join_key
CAD,35251,duplicate_csv_join_key
CAD,35253,duplicate_csv_join_key
CAD,35255,duplicate_csv_join_key
CAD,35257,duplicate_csv_join_key
CAD,35259,duplicate_csv_join_key
CAD,35261,duplicate_csv_join_key
CAD,35265,duplicate_csv_join_key
CAD,35267,duplicate_csv_join_key
CAD,35269,duplicate_csv_join_key
CAD,35271,duplicate_csv_join_key
CAD,35273,duplicate_csv_join_key
CAD,35275,duplicate_csv_join_key
CAD,35277,duplicate_csv_join_key
CAD,35281,duplicate_csv_join_key
CAD,35311,duplicate_csv_join_key
CAD,35314,duplicate_csv_join_key
CAD,35316,duplicate_csv_join_key
CAD,35317,duplicate_csv_join_key
CAD,35318,duplicate_csv_join_key
CAD,35320,duplicate_csv_join_key
CAD,35321,duplicate_csv_join_key
CAD,35322,duplicate_csv_join_key
CAD,35324,duplicate_csv_join_key
CAD,35325,duplicate_csv_join_key
CAD,35326,duplicate_csv_join_key
CAD,35327,duplicate_csv_join_key
CAD,35328,duplicate_csv_join_key
CAD,35331,duplicate_csv_join_key
CAD,35334,duplicate_csv_join_key
CAD,35337,duplicate_csv_join_key
CAD,35341,duplicate_csv_join_key
CAD,35344,duplicate_csv_join_key
CAD,35347,duplicate_csv_join_key
CAD,35351,duplicate_csv_join_key
CAD,35352,duplicate_csv_join_key
CAD,35353,duplicate_csv_join_key
CAD,35354,duplicate_csv_join_key
CAD,35356,duplicate_csv_join_key
CAD,35357,duplicate_csv_join_key
CAD,35364,duplicate_csv_join_key
CAD,35367,duplicate_csv_join_key
CAD,35371,duplicate_csv_join_key
CAD,35402,duplicate_csv_join_key
CAD,35404,duplicate_csv_join_key
CAD,35406,duplicate_csv_join_key
CAD,35408,duplicate_csv_join_key
CAD,35411,duplicate_csv_join_key
CAD,35412,duplicate_csv_join_key
CAD,35414,duplicate_csv_join_key
CAD,35415,duplicate_csv_join_key
CAD,35416,duplicate_csv_join_key
CAD,35417,duplicate_csv_join_key
CAD,35419,duplicate_csv_join_key
CAD,35420,duplicate_csv_join_key
CAD,35421,duplicate_csv_join_key
CAD,35423,duplicate_csv_join_key
CAD,35425,duplicate_csv_join_key
CAD,35427,duplicate_csv_join_key
CAD,35429,duplicate_csv_join_key
CAD,35431,duplicate_csv_join_key
CAD,35432,duplicate_csv_join_key
CAD,35433,duplicate_csv_join_key
CAD,35435,duplicate_csv_join_key
CAD,35437,duplicate_csv_join_key
CAD,35439,duplicate_csv_join_key
CAD,35441,duplicate_csv_join_key
CAD,35443,duplicate_csv_join_key
CAD,35445,duplicate_csv_join_key
CAD,35447,duplicate_csv_join_key
CAD,35449,duplicate_csv_join_key
CAD,35451,duplicate_csv_join_key
CAD,35453,duplicate_csv_join_key
CAD,35455,duplicate_csv_join_key
CAD,35457,duplicate_csv_join_key
CAD,35459,duplicate_csv_join_key
CAD,35461,duplicate_csv_join_key
CAD,35463,duplicate_csv_join_key
CAD,35465,duplicate_csv_join_key
CAD,35467,duplicate_csv_join_key
CAD,35469,duplicate_csv_join_key
CAD,35470,duplicate_csv_join_key
CAD,35471,duplicate_csv_join_key
CAD,35475,duplicate_csv_join_key
CAD,35484,duplicate_csv_join_key
CAD,35486,duplicate_csv_join_key
CAD,35487,duplicate_csv_join_key
CAD,35498,duplicate_csv_join_key
CAD,35511,duplicate_csv_join_key
CAD,35512,duplicate_csv_join_key
CAD,35514,duplicate_csv_join_key
CAD,35515,duplicate_csv_join_key
CAD,35516,duplicate_csv_join_key
CAD,35518,duplicate_csv_join_key
CAD,36110,duplicate_csv_join_key
CAD,36111,duplicate_csv_join_key
CAD,36114,duplicate_csv_join_key
CAD,36121,duplicate_csv_join_key
CAD,36127,duplicate_csv_join_key
CAD,36131,duplicate_csv_join_key
CAD,36134,duplicate_csv_join_key
CAD,36141,duplicate_csv_join_key
CAD,36144,duplicate_csv_join_key
CAD,36154,duplicate_csv_join_key
CAD,36157,duplicate_csv_join_key
CAD,36161,duplicate_csv_join_key
CAD,36164,duplicate_csv_join_key
CAD,36171,duplicate_csv_join_key
CAD,36177,duplicate_csv_join_key
CAD,36181,duplicate_csv_join_key
CAD,36184,duplicate_csv_join_key
CAD,36191,duplicate_csv_join_key
CAD,37001,duplicate_csv_join_key
CAD,37002,duplicate_csv_join_key
CAD,37003,duplicate_csv_join_key
CAD,37004,duplicate_csv_join_key
CAD,37005,duplicate_csv_join_key
CAD,37006,duplicate_csv_join_key
CAD,37231,duplicate_csv_join_key
CAD,37241,duplicate_csv_join_key
CAD,37251,duplicate_csv_join_key
CAD,37271,duplicate_csv_join_key
CAD,37281,duplicate_csv_join_key
CAD,37291,duplicate_csv_join_key
CAD,37311,duplicate_csv_join_key
CAD,37313,duplicate_csv_join_key
CAD,37315,duplicate_csv_join_key
CAD,37317,duplicate_csv_join_key
CAD,37319,duplicate_csv_join_key
CAD,37321,duplicate_csv_join_key
CAD,37323,duplicate_csv_join_key
CAD,37325,duplicate_csv_join_key
CAD,37327,duplicate_csv_join_key
CAD,37329,duplicate_csv_join_key
CAD,37331,duplicate_csv_join_key
CAD,37333,duplicate_csv_join_key
CAD,37335,duplicate_csv_join_key
CAD,37337,duplicate_csv_join_key
CAD,37339,duplicate_csv_join_key
CAD,37345,duplicate_csv_join_key
CAD,37347,duplicate_csv_join_key
CAD,37349,duplicate_csv_join_key
CAD,37351,duplicate_csv_join_key
CAD,37355,duplicate_csv_join_key
CAD,37358,duplicate_csv_join_key
CAD,37359,duplicate_csv_join_key
CAD,37361,duplicate_csv_join_key
CAD,37362,duplicate_csv_join_key
CAD,37363,duplicate_csv_join_key
CAD,37367,duplicate_csv_join_key
CAD,37369,duplicate_csv_join_key
CAD,37371,duplicate_csv_join_key
CAD,37373,duplicate_csv_join_key
CAD,37375,duplicate_csv_join_key
CAD,37377,duplicate_csv_join_key
CAD,37379,duplicate_csv_join_key
CAD,37381,duplicate_csv_join_key
CAD,37382,duplicate_csv_join_key
CAD,37383,duplicate_csv_join_key
CAD,37385,duplicate_csv_join_key
CAD,37387,duplicate_csv_join_key
CAD,37389,duplicate_csv_join_key
CAD,37391,duplicate_csv_join_key
CAD,51001,duplicate_csv_join_key
CAD,51111,duplicate_csv_join_key
CAD,51113,duplicate_csv_join_key
CAD,51115,duplicate_csv_join_key
CAD,51117,duplicate_csv_join_key
CAD,51119,duplicate_csv_join_key
CAD,51121,duplicate_csv_join_key
CAD,51123,duplicate_csv_join_key
CAD,51125,duplicate_csv_join_key
CAD,51127,duplicate_csv_join_key
CAD,51129,duplicate_csv_join_key
CAD,51131,duplicate_csv_join_key
CAD,51133,duplicate_csv_join_key
CAD,51135,duplicate_csv_join_key
CAD,51139,duplicate_csv_join_key
CAD,51145,duplicate_csv_join_key
CAD,51151,duplicate_csv_join_key
CAD,51157,duplicate_csv_join_key
CAD,51163,duplicate_csv_join_key
CAD,51173,duplicate_csv_join_key
CAD,51177,duplicate_csv_join_key
CAD,51185,duplicate_csv_join_key
CAD,51189,duplicate_csv_join_key
CAD,51211,duplicate_csv_join_key
CAD,51214,duplicate_csv_join_key
CAD,51217,duplicate_csv_join_key
CAD,51221,duplicate_csv_join_key
CAD,51224,duplicate_csv_join_key
CAD,51227,duplicate_csv_join_key
CAD,51231,duplicate_csv_join_key
CAD,51234,duplicate_csv_join_key
CAD,51237,duplicate_csv_join_key
CAD,51241,duplicate_csv_join_key
CAD,51244,duplicate_csv_join_key
CAD,51247,duplicate_csv_join_key
CAD,51251,duplicate_csv_join_key
CAD,51257,duplicate_csv_join_key
CAD,51261,duplicate_csv_join_key
CAD,51264,duplicate_csv_join_key
CAD,51267,duplicate_csv_join_key
CAD,51271,duplicate_csv_join_key
CAD,51274,duplicate_csv_join_key
CAD,51277,duplicate_csv_join_key
CAD,51281,duplicate_csv_join_key
CAD,51284,duplicate_csv_join_key
CAD,51287,duplicate_csv_join_key
CAD,51311,duplicate_csv_join_key
CAD,51317,duplicate_csv_join_key
CAD,51323,duplicate_csv_join_key
CAD,51329,duplicate_csv_join_key
CAD,51335,duplicate_csv_join_key
CAD,51341,duplicate_csv_join_key
CAD,51347,duplicate_csv_join_key
CAD,51353,duplicate_csv_join_key
CAD,51354,duplicate_csv_join_key
CAD,51359,duplicate_csv_join_key
CAD,51365,duplicate_csv_join_key
CAD,51371,duplicate_csv_join_key
CAD,51377,duplicate_csv_join_key
CAD,51383,duplicate_csv_join_key
CAD,51389,duplicate_csv_join_key
CAD,52001,duplicate_csv_join_key
CAD,52002,duplicate_csv_join_key
CAD,52003,duplicate_csv_join_key
CAD,52111,duplicate_csv_join_key
CAD,52116,duplicate_csv_join_key
CAD,52121,duplicate_csv_join_key
CAD,52126,duplicate_csv_join_key
CAD,52131,duplicate_csv_join_key
CAD,52136,duplicate_csv_join_key
CAD,52141,duplicate_csv_join_key
CAD,52146,duplicate_csv_join_key
CAD,52151,duplicate_csv_join_key
CAD,52156,duplicate_csv_join_key
CAD,52161,duplicate_csv_join_key
CAD,52166,duplicate_csv_join_key
CAD,52171,duplicate_csv_join_key
CAD,52176,duplicate_csv_join_key
CAD,52181,duplicate_csv_join_key
CAD,52211,duplicate_csv_join_key
CAD,52214,duplicate_csv_join_key
CAD,52217,duplicate_csv_join_key
CAD,52221,duplicate_csv_join_key
CAD,52224,duplicate_csv_join_key
CAD,52227,duplicate_csv_join_key
CAD,52231,duplicate_csv_join_key
CAD,52234,duplicate_csv_join_key
CAD,52237,duplicate_csv_join_key
CAD,52241,duplicate_csv_join_key
CAD,52244,duplicate_csv_join_key
CAD,52247,duplicate_csv_join_key
CAD,52251,duplicate_csv_join_key
CAD,52254,duplicate_csv_join_key
CAD,52257,duplicate_csv_join_key
CAD,52261,duplicate_csv_join_key
CAD,52264,duplicate_csv_join_key
CAD,52267,duplicate_csv_join_key
CAD,52271,duplicate_csv_join_key
CAD,52274,duplicate_csv_join_key
CAD,52277,duplicate_csv_join_key
CAD,52281,duplicate_csv_join_key
CAD,52284,duplicate_csv_join_key
CAD,52287,duplicate_csv_join_key
CAD,52291,duplicate_csv_join_key
CAD,52295,duplicate_csv_join_key
CAD,53001,duplicate_csv_join_key
CAD,53002,duplicate_csv_join_key
CAD,53003,duplicate_csv_join_key
CAD,53111,duplicate_csv_join_key
CAD,53115,duplicate_csv_join_key
CAD,53119,duplicate_csv_join_key
CAD,53123,duplicate_csv_join_key
CAD,53127,duplicate_csv_join_key
CAD,53131,duplicate_csv_join_key
CAD,53135,duplicate_csv_join_key
CAD,53139,duplicate_csv_join_key
CAD,53143,duplicate_csv_join_key
CAD,53147,duplicate_csv_join_key
CAD,53151,duplicate_csv_join_key
CAD,53155,duplicate_csv_join_key
CAD,53159,duplicate_csv_join_key
CAD,53163,duplicate_csv_join_key
CAD,53167,duplicate_csv_join_key
CAD,53171,duplicate_csv_join_key
CAD,53179,duplicate_csv_join_key
CAD,53183,duplicate_csv_join_key
CAD,53211,duplicate_csv_join_key
CAD,53214,duplicate_csv_join_key
CAD,53217,duplicate_csv_join_key
CAD,53221,duplicate_csv_join_key
CAD,53224,duplicate_csv_join_key
CAD,53227,duplicate_csv_join_key
CAD,53231,duplicate_csv_join_key
CAD,53234,duplicate_csv_join_key
CAD,53237,duplicate_csv_join_key
CAD,53241,duplicate_csv_join_key
CAD,53244,duplicate_csv_join_key
CAD,53247,duplicate_csv_join_key
CAD,53251,duplicate_csv_join_key
CAD,53254,duplicate_csv_join_key
CAD,53257,duplicate_csv_join_key
CAD,53261,duplicate_csv_join_key
CAD,53264,duplicate_csv_join_key
CAD,53267,duplicate_csv_join_key
CAD,53271,duplicate_csv_join_key
CAD,53274,duplicate_csv_join_key
CAD,53277,duplicate_csv_join_key
CAD,53281,duplicate_csv_join_key
CAD,53284,duplicate_csv_join_key
CAD,53311,duplicate_csv_join_key
CAD,53322,duplicate_csv_join_key
CAD,53333,duplicate_csv_join_key
CAD,53344,duplicate_csv_join_key
CAD,53355,duplicate_csv_join_key
CAD,53366,duplicate_csv_join_key
CAD,53375,duplicate_csv_join_key
CAD,53377,duplicate_csv_join_key
CAD,53388,duplicate_csv_join_key
CAD,53411,duplicate_csv_join_key
CAD,53413,duplicate_csv_join_key
CAD,53415,duplicate_csv_join_key
CAD,53417,duplicate_csv_join_key
CAD,53419,duplicate_csv_join_key
CAD,53421,duplicate_csv_join_key
CAD,53423,duplicate_csv_join_key
CAD,53425,duplicate_csv_join_key
CAD,53427,duplicate_csv_join_key
CAD,53429,duplicate_csv_join_key
CAD,53431,duplicate_csv_join_key
CAD,53433,duplicate_csv_join_key
CAD,53435,duplicate_csv_join_key
CAD,53437,duplicate_csv_join_key
CAD,53439,duplicate_csv_join_key
CAD,53441,duplicate_csv_join_key
CAD,53443,duplicate_csv_join_key
CAD,53445,duplicate_csv_join_key
CAD,53447,duplicate_csv_join_key
CAD,53449,duplicate_csv_join_key
CAD,53451,duplicate_csv_join_key
CAD,53453,duplicate_csv_join_key
CAD,53455,duplicate_csv_join_key
CAD,53457,duplicate_csv_join_key
CAD,53459,duplicate_csv_join_key
CAD,53461,duplicate_csv_join_key
CAD,53463,duplicate_csv_join_key
CAD,53465,duplicate_csv_join_key
CAD,53467,duplicate_csv_join_key
CAD,53469,duplicate_csv_join_key
CAD,53471,duplicate_csv_join_key
CAD,53473,duplicate_csv_join_key
CAD,53475,duplicate_csv_join_key
CAD,54001,duplicate_csv_join_key
CAD,54002,duplicate_csv_join_key
CAD,54003,duplicate_csv_join_key
CAD,54111,duplicate_csv_join_key
CAD,54114,duplicate_csv_join_key
CAD,54119,duplicate_csv_join_key
CAD,54127,duplicate_csv_join_key
CAD,54135,duplicate_csv_join_key
CAD,54143,duplicate_csv_join_key
CAD,54159,duplicate_csv_join_key
CAD,54167,duplicate_csv_join_key
CAD,54175,duplicate_csv_join_key
CAD,54183,duplicate_csv_join_key
CAD,55001,duplicate_csv_join_key
CAD,55002,duplicate_csv_join_key
CAD,55003,duplicate_csv_join_key
CAD,55004,duplicate_csv_join_key
CAD,55005,duplicate_csv_join_key
CAD,55006,duplicate_csv_join_key
CAD,55007,duplicate_csv_join_key
CAD,55008,duplicate_csv_join_key
CAD,55009,duplicate_csv_join_key
CAD,55010,duplicate_csv_join_key
CAD,55111,duplicate_csv_join_key
CAD,55114,duplicate_csv_join_key
CAD,55117,duplicate_csv_join_key
CAD,55121,duplicate_csv_join_key
CAD,55124,duplicate_csv_join_key
CAD,55127,duplicate_csv_join_key
CAD,55131,duplicate_csv_join_key
CAD,55134,duplicate_csv_join_key
CAD,55137,duplicate_csv_join_key
CAD,55141,duplicate_csv_join_key
CAD,55144,duplicate_csv_join_key
CAD,55147,duplicate_csv_join_key
CAD,55151,duplicate_csv_join_key
CAD,55154,duplicate_csv_join_key
CAD,55157,duplicate_csv_join_key
CAD,55161,duplicate_csv_join_key
CAD,55164,duplicate_csv_join_key
CAD,55167,duplicate_csv_join_key
CAD,55171,duplicate_csv_join_key
CAD,55174,duplicate_csv_join_key
CAD,55177,duplicate_csv_join_key
CAD,55181,duplicate_csv_join_key
CAD,55184,duplicate_csv_join_key
CAD,55187,duplicate_csv_join_key
CAD,55191,duplicate_csv_join_key
CAD,55194,duplicate_csv_join_key
CAD,55197,duplicate_csv_join_key
CAD,61001,duplicate_csv_join_key
CAD,61111,duplicate_csv_join_key
CAD,61115,duplicate_csv_join_key
CAD,61119,duplicate_csv_join_key
CAD,61123,duplicate_csv_join_key
CAD,61147,duplicate_csv_join_key
CAD,61159,duplicate_csv_join_key
CAD,61183,duplicate_csv_join_key
CAD,61211,duplicate_csv_join_key
CAD,61222,duplicate_csv_join_key
CAD,61233,duplicate_csv_join_key
CAD,61244,duplicate_csv_join_key
CAD,61255,duplicate_csv_join_key
CAD,61266,duplicate_csv_join_key
CAD,61277,duplicate_csv_join_key
CAD,61311,duplicate_csv_join_key
CAD,61323,duplicate_csv_join_key
CAD,61335,duplicate_csv_join_key
CAD,61347,duplicate_csv_join_key
CAD,61359,duplicate_csv_join_key
CAD,61371,duplicate_csv_join_key
CAD,61383,duplicate_csv_join_key
CAD,61411,duplicate_csv_join_key
CAD,61412,duplicate_csv_join_key
CAD,61414,duplicate_csv_join_key
CAD,61415,duplicate_csv_join_key
CAD,61417,duplicate_csv_join_key
CAD,61418,duplicate_csv_join_key
CAD,61419,duplicate_csv_join_key
CAD,61421,duplicate_csv_join_key
CAD,61423,duplicate_csv_join_key
CAD,61424,duplicate_csv_join_key
CAD,61426,duplicate_csv_join_key
CAD,61427,duplicate_csv_join_key
CAD,61429,duplicate_csv_join_key
CAD,61431,duplicate_csv_join_key
CAD,61433,duplicate_csv_join_key
CAD,61434,duplicate_csv_join_key
CAD,61436,duplicate_csv_join_key
CAD,61437,duplicate_csv_join_key
CAD,61439,duplicate_csv_join_key
CAD,61441,duplicate_csv_join_key
CAD,61443,duplicate_csv_join_key
CAD,61444,duplicate_csv_join_key
CAD,61446,duplicate_csv_join_key
CAD,61447,duplicate_csv_join_key
CAD,61449,duplicate_csv_join_key
CAD,61451,duplicate_csv_join_key
CAD,61453,duplicate_csv_join_key
CAD,61454,duplicate_csv_join_key
CAD,61456,duplicate_csv_join_key
CAD,61457,duplicate_csv_join_key
CAD,61459,duplicate_csv_join_key
CAD,61461,duplicate_csv_join_key
CAD,61463,duplicate_csv_join_key
CAD,61464,duplicate_csv_join_key
CAD,61466,duplicate_csv_join_key
CAD,61467,duplicate_csv_join_key
CAD,61469,duplicate_csv_join_key
CAD,61471,duplicate_csv_join_key
CAD,61473,duplicate_csv_join_key
CAD,61474,duplicate_csv_join_key
CAD,61476,duplicate_csv_join_key
CAD,61477,duplicate_csv_join_key
CAD,61479,duplicate_csv_join_key
CAD,61481,duplicate_csv_join_key
CAD,61483,duplicate_csv_join_key
CAD,61484,duplicate_csv_join_key
CAD,61486,duplicate_csv_join_key
CAD,61487,duplicate_csv_join_key
CAD,61488,duplicate_csv_join_key
CAD,61489,duplicate_csv_join_key
CAD,61491,duplicate_csv_join_key
CAD,61493,duplicate_csv_join_key
CAD,61494,duplicate_csv_join_key
CAD,61496,duplicate_csv_join_key
CAD,61497,duplicate_csv_join_key
CAD,62111,duplicate_csv_join_key
CAD,62128,duplicate_csv_join_key
CAD,62162,duplicate_csv_join_key
CAD,62179,duplicate_csv_join_key
CAD,62211,duplicate_csv_join_key
CAD,62212,duplicate_csv_join_key
CAD,62214,duplicate_csv_join_key
CAD,62215,duplicate_csv_join_key
CAD,62217,duplicate_csv_join_key
CAD,62218,duplicate_csv_join_key
CAD,62219,duplicate_csv_join_key
CAD,62221,duplicate_csv_join_key
CAD,62223,duplicate_csv_join_key
CAD,62224,duplicate_csv_join_key
CAD,62226,duplicate_csv_join_key
CAD,62227,duplicate_csv_join_key
CAD,62229,duplicate_csv_join_key
CAD,62231,duplicate_csv_join_key
CAD,62233,duplicate_csv_join_key
CAD,62234,duplicate_csv_join_key
CAD,62236,duplicate_csv_join_key
CAD,62237,duplicate_csv_join_key
CAD,62239,duplicate_csv_join_key
CAD,62241,duplicate_csv_join_key
CAD,62242,duplicate_csv_join_key
CAD,62243,duplicate_csv_join_key
CAD,62244,duplicate_csv_join_key
CAD,62245,duplicate_csv_join_key
CAD,62246,duplicate_csv_join_key
CAD,62247,duplicate_csv_join_key
CAD,62249,duplicate_csv_join_key
CAD,62251,duplicate_csv_join_key
CAD,62253,duplicate_csv_join_key
CAD,62254,duplicate_csv_join_key
CAD,62256,duplicate_csv_join_key
CAD,62257,duplicate_csv_join_key
CAD,62259,duplicate_csv_join_key
CAD,62261,duplicate_csv_join_key
CAD,62263,duplicate_csv_join_key
CAD,62264,duplicate_csv_join_key
CAD,62266,duplicate_csv_join_key
CAD,62267,duplicate_csv_join_key
CAD,62269,duplicate_csv_join_key
CAD,62271,duplicate_csv_join_key
CAD,62273,duplicate_csv_join_key
CAD,62274,duplicate_csv_join_key
CAD,62276,duplicate_csv_join_key
CAD,62277,duplicate_csv_join_key
CAD,62279,duplicate_csv_join_key
CAD,62281,duplicate_csv_join_key
CAD,62283,duplicate_csv_join_key
CAD,62284,duplicate_csv_join_key
CAD,62285,duplicate_csv_join_key
CAD,62286,duplicate_csv_join_key
CAD,62287,duplicate_csv_join_key
CAD,62291,duplicate_csv_join_key
CAD,62292,duplicate_csv_join_key
CAD,62293,duplicate_csv_join_key
CAD,62294,duplicate_csv_join_key
CAD,62295,duplicate_csv_join_key
CAD,62296,duplicate_csv_join_key
CAD,62297,duplicate_csv_join_key
CAD,62298,duplicate_csv_join_key
CAD,62299,duplicate_csv_join_key
CAD,62308,duplicate_csv_join_key
CAD,62311,duplicate_csv_join_key
CAD,62312,duplicate_csv_join_key
CAD,62316,duplicate_csv_join_key
CAD,62318,duplicate_csv_join_key
CAD,62321,duplicate_csv_join_key
CAD,62331,duplicate_csv_join_key
CAD,62341,duplicate_csv_join_key
CAD,62351,duplicate_csv_join_key
CAD,63001,duplicate_csv_join_key
CAD,63002,duplicate_csv_join_key
CAD,63003,duplicate_csv_join_key
CAD,63111,duplicate_csv_join_key
CAD,63114,duplicate_csv_join_key
CAD,63117,duplicate_csv_join_key
CAD,63121,duplicate_csv_join_key
CAD,63124,duplicate_csv_join_key
CAD,63127,duplicate_csv_join_key
CAD,63131,duplicate_csv_join_key
CAD,63134,duplicate_csv_join_key
CAD,63137,duplicate_csv_join_key
CAD,63141,duplicate_csv_join_key
CAD,63144,duplicate_csv_join_key
CAD,63147,duplicate_csv_join_key
CAD,63151,duplicate_csv_join_key
CAD,63154,duplicate_csv_join_key
CAD,63157,duplicate_csv_join_key
CAD,63161,duplicate_csv_join_key
CAD,63167,duplicate_csv_join_key
CAD,63171,duplicate_csv_join_key
CAD,63174,duplicate_csv_join_key
CAD,63177,duplicate_csv_join_key
CAD,63181,duplicate_csv_join_key
CAD,63184,duplicate_csv_join_key
CAD,63187,duplicate_csv_join_key
CAD,63191,duplicate_csv_join_key
CAD,63194,duplicate_csv_join_key
CAD,63211,duplicate_csv_join_key
CAD,63214,duplicate_csv_join_key
CAD,63217,duplicate_csv_join_key
CAD,63221,duplicate_csv_join_key
CAD,63224,duplicate_csv_join_key
CAD,63227,duplicate_csv_join_key
CAD,63231,duplicate_csv_join_key
CAD,63234,duplicate_csv_join_key
CAD,63237,duplicate_csv_join_key
CAD,63241,duplicate_csv_join_key
CAD,63244,duplicate_csv_join_key
CAD,63247,duplicate_csv_join_key
CAD,63251,duplicate_csv_join_key
CAD,63254,duplicate_csv_join_key
CAD,63257,duplicate_csv_join_key
CAD,63261,duplicate_csv_join_key
CAD,63264,duplicate_csv_join_key
CAD,63267,duplicate_csv_join_key
CAD,63271,duplicate_csv_join_key
CAD,63274,duplicate_csv_join_key
CAD,63277,duplicate_csv_join_key
CAD,63281,duplicate_csv_join_key
CAD,63284,duplicate_csv_join_key
CAD,63287,duplicate_csv_join_key
CAD,63291,duplicate_csv_join_key
CAD,63294,duplicate_csv_join_key
CAD,63297,duplicate_csv_join_key
CAD,63298,duplicate_csv_join_key
CAD,63311,duplicate_csv_join_key
CAD,63315,duplicate_csv_join_key
CAD,63319,duplicate_csv_join_key
CAD,63323,duplicate_csv_join_key
CAD,63327,duplicate_csv_join_key
CAD,63331,duplicate_csv_join_key
CAD,63335,duplicate_csv_join_key
CAD,63339,duplicate_csv_join_key
CAD,63343,duplicate_csv_join_key
CAD,63347,duplicate_csv_join_key
CAD,63348,duplicate_csv_join_key
CAD,63351,duplicate_csv_join_key
CAD,63355,duplicate_csv_join_key
CAD,63359,duplicate_csv_join_key
CAD,63363,duplicate_csv_join_key
CAD,63367,duplicate_csv_join_key
CAD,63371,duplicate_csv_join_key
CAD,63375,duplicate_csv_join_key
CAD,63379,duplicate_csv_join_key
CAD,63383,duplicate_csv_join_key
CAD,63385,duplicate_csv_join_key
CAD,71111,duplicate_csv_join_key
CAD,71113,duplicate_csv_join_key
CAD,71115,duplicate_csv_join_key
CAD,71117,duplicate_csv_join_key
CAD,71122,duplicate_csv_join_key
CAD,71133,duplicate_csv_join_key
CAD,71155,duplicate_csv_join_key
CAD,71166,duplicate_csv_join_key
CAD,71177,duplicate_csv_join_key
CAD,71211,duplicate_csv_join_key
CAD,71216,duplicate_csv_join_key
CAD,71226,duplicate_csv_join_key
CAD,71231,duplicate_csv_join_key
CAD,71236,duplicate_csv_join_key
CAD,71241,duplicate_csv_join_key
CAD,71246,duplicate_csv_join_key
CAD,71251,duplicate_csv_join_key
CAD,71256,duplicate_csv_join_key
CAD,71266,duplicate_csv_join_key
CAD,71271,duplicate_csv_join_key
CAD,71276,duplicate_csv_join_key
CAD,71311,duplicate_csv_join_key
CAD,71314,duplicate_csv_join_key
CAD,71321,duplicate_csv_join_key
CAD,71324,duplicate_csv_join_key
CAD,71327,duplicate_csv_join_key
CAD,71331,duplicate_csv_join_key
CAD,71334,duplicate_csv_join_key
CAD,71337,duplicate_csv_join_key
CAD,71341,duplicate_csv_join_key
CAD,71344,duplicate_csv_join_key
CAD,71347,duplicate_csv_join_key
CAD,71351,duplicate_csv_join_key
CAD,71354,duplicate_csv_join_key
CAD,71357,duplicate_csv_join_key
CAD,71361,duplicate_csv_join_key
CAD,71364,duplicate_csv_join_key
CAD,71367,duplicate_csv_join_key
CAD,71371,duplicate_csv_join_key
CAD,71374,duplicate_csv_join_key
CAD,71377,duplicate_csv_join_key
CAD,71381,duplicate_csv_join_key
CAD,71384,duplicate_csv_join_key
CAD,71386,duplicate_csv_join_key
CAD,71387,duplicate_csv_join_key
CAD,71391,duplicate_csv_join_key
CAD,71394,duplicate_csv_join_key
CAD,71397,duplicate_csv_join_key
CAD,72111,duplicate_csv_join_key
CAD,72119,duplicate_csv_join_key
CAD,72127,duplicate_csv_join_key
CAD,72135,duplicate_csv_join_key
CAD,72143,duplicate_csv_join_key
CAD,72151,duplicate_csv_join_key
CAD,72159,duplicate_csv_join_key
CAD,72167,duplicate_csv_join_key
CAD,72175,duplicate_csv_join_key
CAD,72183,duplicate_csv_join_key
CAD,72191,duplicate_csv_join_key
CAD,72211,duplicate_csv_join_key
CAD,72214,duplicate_csv_join_key
CAD,72217,duplicate_csv_join_key
CAD,72221,duplicate_csv_join_key
CAD,72224,duplicate_csv_join_key
CAD,72227,duplicate_csv_join_key
CAD,72229,duplicate_csv_join_key
CAD,72231,duplicate_csv_join_key
CAD,72234,duplicate_csv_join_key
CAD,72237,duplicate_csv_join_key
CAD,72241,duplicate_csv_join_key
CAD,72244,duplicate_csv_join_key
CAD,72247,duplicate_csv_join_key
CAD,72251,duplicate_csv_join_key
CAD,72254,duplicate_csv_join_key
CAD,72257,duplicate_csv_join_key
CAD,72261,duplicate_csv_join_key
CAD,72264,duplicate_csv_join_key
CAD,72267,duplicate_csv_join_key
CAD,72271,duplicate_csv_join_key
CAD,72274,duplicate_csv_join_key
CAD,72276,duplicate_csv_join_key
CAD,72277,duplicate_csv_join_key
CAD,72281,duplicate_csv_join_key
CAD,72284,duplicate_csv_join_key
CAD,72287,duplicate_csv_join_key
CAD,72291,duplicate_csv_join_key
CAD,73111,duplicate_csv_join_key
CAD,73116,duplicate_csv_join_key
CAD,73119,duplicate_csv_join_key
CAD,73127,duplicate_csv_join_key
CAD,73135,duplicate_csv_join_key
CAD,73143,duplicate_csv_join_key
CAD,73146,duplicate_csv_join_key
CAD,73151,duplicate_csv_join_key
CAD,73159,duplicate_csv_join_key
CAD,73162,duplicate_csv_join_key
CAD,73167,duplicate_csv_join_key
CAD,73175,duplicate_csv_join_key
CAD,73191,duplicate_csv_join_key
CAD,73211,duplicate_csv_join_key
CAD,73226,duplicate_csv_join_key
CAD,73228,duplicate_csv_join_key
CAD,73230,duplicate_csv_join_key
CAD,73232,duplicate_csv_join_key
CAD,73234,duplicate_csv_join_key
CAD,73244,duplicate_csv_join_key
CAD,73245,duplicate_csv_join_key
CAD,73248,duplicate_csv_join_key
CAD,73250,duplicate_csv_join_key
CAD,73256,duplicate_csv_join_key
CAD,73257,duplicate_csv_join_key
CAD,73262,duplicate_csv_join_key
CAD,73276,duplicate_csv_join_key
CAD,73279,duplicate_csv_join_key
CAD,73280,duplicate_csv_join_key
CAD,73282,duplicate_csv_join_key
CAD,73288,duplicate_csv_join_key
CAD,73293,duplicate_csv_join_key
CAD,74111,duplicate_csv_join_key
CAD,74112,duplicate_csv_join_key
CAD,74114,duplicate_csv_join_key
CAD,74116,duplicate_csv_join_key
CAD,74118,duplicate_csv_join_key
CAD,74120,duplicate_csv_join_key
CAD,74122,duplicate_csv_join_key
CAD,74124,duplicate_csv_join_key
CAD,74126,duplicate_csv_join_key
CAD,74128,duplicate_csv_join_key
CAD,74130,duplicate_csv_join_key
CAD,74131,duplicate_csv_join_key
CAD,74133,duplicate_csv_join_key
CAD,74141,duplicate_csv_join_key
CAD,74155,duplicate_csv_join_key
CAD,74158,duplicate_csv_join_key
CAD,74160,duplicate_csv_join_key
CAD,74168,duplicate_csv_join_key
CAD,74175,duplicate_csv_join_key
CAD,74177,duplicate_csv_join_key
CAD,74179,duplicate_csv_join_key
CAD,74181,duplicate_csv_join_key
